{"stats":{"minecraft:killed":{"minecraft:pig":1,"livingthings:raccoon":3,"minecraft:spider":5,"minecraft:sheep":5,"minecraft:skeleton":7,"minecraft:trader_llama":1,"minecraft:zombie":10,"minecraft:chicken":1,"livingthings:crab":1,"minecraft:drowned":1,"livingthings:shark":5,"minecraft:cow":1},"minecraft:picked_up":{"livingthings:crab":1,"minecraft:feather":3,"minecraft:repeater":1,"minecraft:redstone_block":1,"minecraft:chicken":2,"minecraft:leather":12,"minecraft:stone_brick_stairs":5,"gravestone:obituary":4,"minecraft:oak_log":6,"minecraft:cooked_mutton":1,"minecraft:dirt":32,"livingthings:crab_shell":1,"minecraft:string":8,"minecraft:leather_boots":1,"minecraft:sticky_piston":5,"minecraft:bone":9,"minecraft:apple":1,"minecraft:stone_bricks":21,"minecraft:cracked_stone_bricks":6,"minecraft:wheat_seeds":5,"dynamictrees:dark_oak_seed":2,"minecraft:beef":1,"minecraft:iron_ore":31,"minecraft:mossy_stone_bricks":11,"minecraft:egg":1,"minecraft:iron_sword":1,"minecraft:oak_planks":10,"minecraft:furnace":3,"minecraft:dark_oak_sapling":5,"minecraft:stick":11,"minecraft:chiseled_stone_bricks":2,"minecraft:stone_brick_slab":6,"minecraft:torch":1,"minecraft:porkchop":3,"minecraft:sand":7,"minecraft:redstone":2,"minecraft:dark_oak_planks":3,"minecraft:dark_oak_log":255,"minecraft:arrow":8,"minecraft:rotten_flesh":30,"livingthings:shark_tooth":8,"minecraft:oak_sapling":2,"minecraft:black_wool":1,"minecraft:mutton":10,"minecraft:cod":3,"minecraft:coal":40,"minecraft:skeleton_skull":1,"minecraft:white_wool":4,"minecraft:cobblestone":90},"minecraft:mined":{"minecraft:piston_head":1,"minecraft:redstone_block":1,"minecraft:dark_oak_log":66,"minecraft:stone_brick_slab":5,"minecraft:torch":1,"gravestone:gravestone":14,"minecraft:grass_block":4,"minecraft:redstone_wire":1,"minecraft:tall_grass":4,"minecraft:cobblestone":1,"minecraft:chiseled_stone_bricks":2,"minecraft:skeleton_skull":1,"minecraft:tall_seagrass":1,"minecraft:repeater":1,"minecraft:furnace":3,"minecraft:iron_ore":26,"minecraft:sticky_piston":1,"minecraft:stone_brick_stairs":2,"minecraft:grass":34,"minecraft:coal_ore":40,"minecraft:oak_log":6,"minecraft:sand":7,"minecraft:dirt":9,"minecraft:cracked_stone_bricks":3,"minecraft:stone_bricks":16,"minecraft:stone":62,"minecraft:mossy_stone_bricks":4,"minecraft:oak_leaves":3},"minecraft:crafted":{"minecraft:oak_planks":20,"minecraft:dark_oak_boat":11,"minecraft:crafting_table":7,"minecraft:wooden_pickaxe":3,"minecraft:cooked_chicken":2,"minecraft:iron_sword":3,"minecraft:furnace":3,"minecraft:stone_axe":3,"minecraft:cooked_mutton":4,"minecraft:air":0,"livingthings:cooked_crab":1,"minecraft:charcoal":1,"minecraft:shield":2,"minecraft:stick":40,"minecraft:iron_ingot":20,"minecraft:stone_pickaxe":3,"minecraft:wooden_axe":1,"minecraft:stone_sword":2,"minecraft:dark_oak_planks":204,"minecraft:torch":4},"minecraft:custom":{"minecraft:interact_with_furnace":27,"minecraft:mob_kills":41,"minecraft:interact_with_crafting_table":40,"minecraft:play_one_minute":127816,"minecraft:leave_game":5,"minecraft:time_since_death":832,"minecraft:climb_one_cm":98,"minecraft:time_since_rest":867,"minecraft:sprint_one_cm":200544,"minecraft:damage_taken":2147483647,"minecraft:walk_one_cm":176330,"minecraft:damage_blocked_by_shield":410,"minecraft:drop":33,"minecraft:damage_dealt":7349,"minecraft:damage_dealt_absorbed":120,"minecraft:swim_one_cm":36100,"minecraft:fly_one_cm":273848,"minecraft:open_chest":1,"minecraft:crouch_one_cm":4499,"minecraft:deaths":20,"minecraft:sneak_time":2727,"minecraft:walk_under_water_one_cm":25976,"minecraft:boat_one_cm":1081853,"minecraft:jump":1329,"minecraft:walk_on_water_one_cm":11800,"minecraft:fall_one_cm":43324},"minecraft:killed_by":{"iceandfire:gorgon":1,"minecraft:player":7,"minecraft:creeper":1,"minecraft:zombie":4,"livingthings:elephant":1,"livingthings:shark":4,"livingthings:lion":1},"minecraft:broken":{"minecraft:leather_boots":1,"minecraft:wooden_axe":1},"minecraft:dropped":{"minecraft:iron_sword":2,"minecraft:wheat_seeds":1,"minecraft:sticky_piston":1,"minecraft:oak_planks":10,"minecraft:stick":2,"minecraft:shield":1,"minecraft:dark_oak_log":15,"gravestone:obituary":19,"minecraft:iron_ore":1,"minecraft:dark_oak_planks":57},"minecraft:used":{"minecraft:cooked_mutton":4,"minecraft:mossy_stone_bricks":3,"minecraft:stone_sword":102,"minecraft:stone_pickaxe":137,"minecraft:shield":3,"minecraft:wooden_pickaxe":36,"minecraft:iron_sword":38,"minecraft:cooked_chicken":2,"minecraft:torch":1,"minecraft:rotten_flesh":24,"minecraft:cracked_stone_bricks":1,"minecraft:sand":3,"minecraft:dirt":3,"minecraft:crafting_table":7,"minecraft:cod":3,"minecraft:sticky_piston":2,"minecraft:wooden_axe":3,"minecraft:apple":1,"minecraft:dark_oak_log":2,"minecraft:stone_bricks":8,"minecraft:stone_axe":33,"minecraft:cobblestone":7,"minecraft:beef":1,"minecraft:dark_oak_boat":10,"minecraft:oak_sapling":1,"minecraft:furnace":5,"minecraft:porkchop":2,"minecraft:egg":1}},"DataVersion":2586}