{"stats":{"minecraft:crafted":{"minecraft:oak_planks":56,"minecraft:cobblestone_slab":6,"minecraft:cut_sandstone_slab":6,"minecraft:cooked_chicken":8,"minecraft:furnace":1,"minecraft:stone_pickaxe":2,"minecraft:stone_hoe":1,"minecraft:wheat":153,"minecraft:cooked_beef":5,"minecraft:crafting_table":11,"minecraft:wooden_pickaxe":1,"minecraft:stone_axe":2,"minecraft:bread":51,"minecraft:air":0,"minecraft:jungle_planks":16,"mcwwindows:cobblestone_arrow_slit":3,"minecraft:shield":2,"minecraft:stick":12,"minecraft:stone_sword":3,"minecraft:sandstone":1,"minecraft:torch":5},"minecraft:used":{"minecraft:stone_sword":434,"minecraft:red_sand":4,"minecraft:shield":5,"minecraft:cooked_chicken":8,"minecraft:stone_hoe":38,"minecraft:torch":4,"minecraft:dirt":2,"minecraft:carrot":1,"minecraft:golden_chestplate":1,"mcwwindows:cobblestone_arrow_slit":12,"minecraft:lava_bucket":35,"minecraft:bamboo":16,"minecraft:bow":6,"minecraft:hay_block":1,"minecraft:scaffolding":2,"minecraft:furnace":1,"minecraft:egg":9,"minecraft:cooked_beef":5,"minecraft:golden_boots":1,"minecraft:stone_pickaxe":282,"minecraft:oak_planks":9,"minecraft:wooden_pickaxe":14,"minecraft:sandstone":24,"minecraft:cut_sandstone":45,"minecraft:cobblestone_slab":4,"minecraft:sugar_cane":3,"minecraft:sand":19,"minecraft:cut_sandstone_slab":4,"minecraft:crafting_table":11,"minecraft:white_bed":6,"minecraft:oak_log":4,"minecraft:apple":5,"minecraft:iron_pickaxe":33,"minecraft:chicken":1,"minecraft:bread":25,"minecraft:melon_slice":12,"minecraft:golden_leggings":1,"minecraft:stone_axe":88,"minecraft:cobblestone":20,"minecraft:bucket":36,"minecraft:sandstone_slab":1,"realistictorches:unlit_torch":4},"minecraft:killed_by":{"minecraft:husk":15,"minecraft:creeper":1,"minecraft:skeleton":4,"minecraft:zombie":5},"minecraft:broken":{"minecraft:stone_sword":3,"minecraft:stone_pickaxe":1},"minecraft:custom":{"minecraft:mob_kills":115,"minecraft:interact_with_crafting_table":25,"minecraft:bell_ring":4,"minecraft:leave_game":3,"minecraft:time_since_death":40771,"minecraft:climb_one_cm":3243,"minecraft:sprint_one_cm":430078,"minecraft:walk_one_cm":258539,"minecraft:damage_blocked_by_shield":135,"minecraft:drop":63,"minecraft:play_time":140479,"minecraft:deaths":26,"minecraft:sneak_time":11018,"minecraft:walk_under_water_one_cm":3879,"minecraft:jump":2060,"minecraft:walk_on_water_one_cm":8024,"minecraft:total_world_time":140479,"minecraft:interact_with_furnace":8,"minecraft:interact_with_loom":1,"minecraft:sleep_in_bed":4,"minecraft:time_since_rest":15879,"minecraft:damage_taken":8983,"minecraft:damage_dealt":16833,"minecraft:swim_one_cm":33288,"minecraft:fly_one_cm":368451,"minecraft:open_chest":25,"minecraft:crouch_one_cm":31281,"minecraft:fall_one_cm":54852,"minecraft:inspect_dispenser":2},"minecraft:mined":{"minecraft:stone_pressure_plate":1,"minecraft:white_bed":5,"minecraft:granite":8,"minecraft:red_sand":3,"minecraft:grass_block":7,"minecraft:decorated_pot":9,"minecraft:jungle_log":41,"minecraft:coal_block":9,"minecraft:sandstone":36,"minecraft:sandstone_stairs":7,"minecraft:spawner":1,"minecraft:hay_block":43,"realistictorches:torch":2,"minecraft:furnace":1,"minecraft:chiseled_sandstone":1,"minecraft:suspicious_sand":1,"minecraft:andesite":19,"minecraft:vine":8,"minecraft:iron_bars":2,"minecraft:bamboo":28,"minecraft:stone":73,"minecraft:sandstone_slab":5,"minecraft:cut_sandstone":96,"mcwwindows:cobblestone_arrow_slit":9,"minecraft:orange_terracotta":3,"minecraft:crafting_table":1,"minecraft:torch":1,"minecraft:short_grass":55,"minecraft:melon":3,"minecraft:dead_bush":28,"minecraft:cobblestone":6,"minecraft:oak_planks":1,"minecraft:wall_torch":1,"minecraft:blue_terracotta":1,"minecraft:wheat":6,"minecraft:tnt":9,"minecraft:smooth_stone_slab":3,"minecraft:oak_log":30,"minecraft:coal_ore":22,"minecraft:gravel":1,"minecraft:sand":15,"minecraft:dirt":4,"minecraft:cobweb":5,"minecraft:stone_bricks":1,"minecraft:oak_leaves":10,"minecraft:fern":22},"minecraft:dropped":{"minecraft:bread":28,"minecraft:oak_log":9,"minecraft:diamond":2,"minecraft:sandstone_stairs":6,"minecraft:sandstone_slab":1,"minecraft:cobblestone":21,"minecraft:coal_block":11,"minecraft:stick":3,"minecraft:lava_bucket":1,"minecraft:dirt":1,"minecraft:melon_slice":30,"minecraft:cut_sandstone":5,"minecraft:jungle_sapling":1,"minecraft:sand":27,"minecraft:string":11,"minecraft:bucket":1,"minecraft:armor_stand":1,"minecraft:gravel":1,"minecraft:furnace":1,"minecraft:stone_axe":3,"minecraft:stone_sword":2,"minecraft:smooth_stone_slab":3,"minecraft:chicken":12,"minecraft:rotten_flesh":15,"minecraft:oak_planks":2,"minecraft:white_bed":1,"minecraft:carrot":1,"bosses_of_mass_destruction:soul_star":1,"travelersbackpack:gold_tier_upgrade":2,"minecraft:potato":23,"minecraft:shield":1,"minecraft:gunpowder":1,"minecraft:orange_terracotta":4,"minecraft:dune_armor_trim_smithing_template":2,"minecraft:charcoal":2,"minecraft:jungle_log":20,"minecraft:oak_sapling":7,"minecraft:stone_pressure_plate":1,"minecraft:bamboo":5,"minecraft:sandstone":2,"minecraft:bow":2,"minecraft:stone_pickaxe":2},"minecraft:picked_up":{"minecraft:cocoa_beans":3,"minecraft:charcoal":10,"minecraft:crafting_table":2,"minecraft:wheat":2,"minecraft:sandstone_slab":4,"minecraft:chicken":35,"minecraft:wooden_pickaxe":2,"minecraft:enchanted_book":3,"minecraft:string":46,"minecraft:flint_and_steel":1,"minecraft:smooth_stone_slab":21,"minecraft:armor_stand":1,"minecraft:red_sand":5,"bosses_of_mass_destruction:soul_star":3,"minecraft:bucket":8,"minecraft:beef":79,"minecraft:jungle_sapling":2,"minecraft:iron_pickaxe":1,"minecraft:light_gray_wool":6,"minecraft:coal_block":11,"minecraft:melon_slice":89,"minecraft:sugar_cane":3,"minecraft:furnace":12,"minecraft:egg":15,"minecraft:stick":148,"minecraft:sandstone":53,"minecraft:torch":2,"minecraft:carrot":6,"minecraft:golden_chestplate":5,"minecraft:stone_pressure_plate":2,"minecraft:tnt":9,"minecraft:stone_sword":15,"minecraft:arrow":142,"minecraft:cactus":15,"minecraft:rotten_flesh":151,"minecraft:decorated_pot":7,"minecraft:hay_block":147,"minecraft:sandstone_stairs":14,"minecraft:saddle":1,"minecraft:gold_ingot":24,"minecraft:white_terracotta":2,"minecraft:mutton":46,"minecraft:iron_bars":2,"minecraft:skeleton_skull":2,"minecraft:white_wool":6,"minecraft:cobblestone":299,"minecraft:dune_armor_trim_smithing_template":6,"minecraft:feather":58,"minecraft:cooked_beef":4,"minecraft:andesite":57,"minecraft:water_bucket":1,"minecraft:jungle_log":230,"minecraft:cut_sandstone":181,"minecraft:leather":109,"minecraft:golden_leggings":6,"minecraft:potato":46,"minecraft:oak_log":160,"minecraft:golden_boots":6,"minecraft:gunpowder":4,"minecraft:wither_skeleton_skull":3,"travelersbackpack:gold_tier_upgrade":4,"minecraft:cut_sandstone_slab":7,"minecraft:dirt":8,"minecraft:orange_terracotta":5,"minecraft:bone":185,"minecraft:apple":9,"minecraft:bow":6,"minecraft:wheat_seeds":15,"mcwwindows:cobblestone_arrow_slit":9,"minecraft:rabbit_hide":1,"minecraft:stone_pickaxe":13,"minecraft:rabbit":1,"minecraft:bamboo":94,"minecraft:stone_hoe":6,"minecraft:oak_planks":154,"minecraft:scaffolding":2,"minecraft:gravel":1,"minecraft:lava_bucket":1,"minecraft:sand":136,"minecraft:jungle_planks":24,"minecraft:white_bed":8,"minecraft:chiseled_sandstone":4,"minecraft:diamond":11,"minecraft:stone_axe":13,"realistictorches:unlit_torch":11,"minecraft:granite":24,"minecraft:bone_meal":1,"minecraft:emerald":20,"minecraft:bread":303,"minecraft:terracotta":4,"minecraft:oak_sapling":22,"minecraft:coal":139},"minecraft:killed":{"minecraft:spider":1,"minecraft:skeleton":14,"minecraft:chicken":13,"minecraft:husk":56,"minecraft:bat":1,"minecraft:sheep":4,"minecraft:zombie":7,"minecraft:cow":12}},"DataVersion":3700}