{"stats":{"minecraft:killed_by":{"minecraft:husk":2,"minecraft:skeleton":3,"minecraft:creeper":1,"minecraft:zombie":5},"minecraft:used":{"minecraft:red_sand":4,"minecraft:stone_sword":114,"minecraft:stone_pickaxe":140,"minecraft:oak_planks":9,"minecraft:wooden_pickaxe":14,"minecraft:sandstone":5,"minecraft:sugar_cane":3,"minecraft:cobblestone_slab":4,"minecraft:stone_hoe":14,"minecraft:torch":2,"minecraft:sand":5,"minecraft:dirt":1,"minecraft:crafting_table":7,"minecraft:white_bed":2,"mcwwindows:cobblestone_arrow_slit":12,"minecraft:apple":1,"minecraft:chicken":1,"minecraft:melon_slice":12,"minecraft:stone_axe":78,"minecraft:cobblestone":20,"minecraft:furnace":1,"minecraft:egg":9,"minecraft:cooked_beef":5,"realistictorches:unlit_torch":4},"minecraft:crafted":{"minecraft:cooked_beef":5,"minecraft:oak_planks":48,"minecraft:cobblestone_slab":6,"minecraft:crafting_table":8,"minecraft:cooked_chicken":8,"minecraft:wooden_pickaxe":1,"minecraft:furnace":1,"minecraft:stone_axe":2,"minecraft:air":0,"minecraft:jungle_planks":16,"mcwwindows:cobblestone_arrow_slit":3,"minecraft:stick":12,"minecraft:stone_pickaxe":2,"minecraft:stone_sword":1,"minecraft:torch":2,"minecraft:stone_hoe":1},"minecraft:broken":{"minecraft:stone_pickaxe":1},"minecraft:custom":{"minecraft:interact_with_furnace":8,"minecraft:mob_kills":39,"minecraft:interact_with_crafting_table":11,"minecraft:bell_ring":4,"minecraft:time_since_death":30495,"minecraft:sleep_in_bed":2,"minecraft:climb_one_cm":1160,"minecraft:time_since_rest":1863,"minecraft:sprint_one_cm":174615,"minecraft:damage_taken":3678,"minecraft:walk_one_cm":117893,"minecraft:drop":9,"minecraft:damage_dealt":4955,"minecraft:swim_one_cm":22889,"minecraft:fly_one_cm":208797,"minecraft:open_chest":1,"minecraft:crouch_one_cm":8873,"minecraft:play_time":70580,"minecraft:deaths":12,"minecraft:sneak_time":4546,"minecraft:walk_under_water_one_cm":2997,"minecraft:jump":1177,"minecraft:walk_on_water_one_cm":7053,"minecraft:total_world_time":70580,"minecraft:fall_one_cm":33083},"minecraft:picked_up":{"minecraft:cocoa_beans":3,"minecraft:crafting_table":1,"minecraft:feather":28,"minecraft:cooked_beef":4,"minecraft:chicken":34,"minecraft:andesite":57,"minecraft:water_bucket":1,"minecraft:jungle_log":50,"minecraft:cut_sandstone":3,"minecraft:leather":31,"minecraft:wooden_pickaxe":2,"minecraft:oak_log":66,"minecraft:dirt":7,"minecraft:string":1,"minecraft:apple":3,"mcwwindows:cobblestone_arrow_slit":9,"minecraft:wheat_seeds":12,"minecraft:red_sand":5,"minecraft:beef":28,"minecraft:stone_pickaxe":2,"minecraft:jungle_sapling":2,"minecraft:light_gray_wool":6,"minecraft:melon_slice":77,"minecraft:sugar_cane":3,"minecraft:furnace":1,"minecraft:oak_planks":64,"minecraft:egg":15,"minecraft:stick":65,"minecraft:sandstone":16,"minecraft:torch":2,"minecraft:gravel":1,"minecraft:sand":25,"minecraft:jungle_planks":8,"minecraft:white_bed":3,"minecraft:stone_sword":2,"minecraft:arrow":6,"minecraft:cactus":15,"minecraft:rotten_flesh":16,"minecraft:stone_axe":2,"realistictorches:unlit_torch":6,"minecraft:hay_block":18,"minecraft:granite":24,"minecraft:white_terracotta":2,"minecraft:terracotta":4,"minecraft:oak_sapling":22,"minecraft:mutton":16,"minecraft:coal":75,"minecraft:white_wool":4,"minecraft:cobblestone":186},"minecraft:mined":{"minecraft:cut_sandstone":4,"minecraft:white_bed":1,"mcwwindows:cobblestone_arrow_slit":9,"minecraft:torch":1,"minecraft:granite":8,"minecraft:short_grass":46,"minecraft:red_sand":3,"minecraft:grass_block":7,"minecraft:melon":3,"minecraft:jungle_log":41,"minecraft:dead_bush":26,"minecraft:oak_planks":1,"minecraft:sandstone":13,"minecraft:wall_torch":1,"minecraft:hay_block":19,"realistictorches:torch":2,"minecraft:furnace":1,"minecraft:wheat":6,"minecraft:andesite":19,"minecraft:oak_log":30,"minecraft:coal_ore":22,"minecraft:vine":8,"minecraft:gravel":1,"minecraft:sand":5,"minecraft:dirt":3,"minecraft:stone":73,"minecraft:oak_leaves":10,"minecraft:fern":17},"minecraft:dropped":{"minecraft:gravel":1,"minecraft:stone_axe":1,"minecraft:chicken":11,"minecraft:white_bed":1,"minecraft:stick":1,"minecraft:melon_slice":30,"minecraft:oak_sapling":7,"minecraft:jungle_sapling":1},"minecraft:killed":{"minecraft:spider":1,"minecraft:bat":1,"minecraft:sheep":4,"minecraft:zombie":6,"minecraft:chicken":13,"minecraft:cow":12}},"DataVersion":3700}