{"stats":{"minecraft:crafted":{"minecraft:oak_planks":52,"minecraft:cobblestone_slab":6,"minecraft:cut_sandstone_slab":6,"minecraft:cooked_chicken":8,"minecraft:furnace":1,"minecraft:stone_pickaxe":2,"minecraft:stone_hoe":1,"minecraft:cooked_beef":5,"minecraft:crafting_table":9,"minecraft:wooden_pickaxe":1,"minecraft:stone_axe":2,"minecraft:air":0,"minecraft:jungle_planks":16,"mcwwindows:cobblestone_arrow_slit":3,"minecraft:stick":12,"minecraft:stone_sword":2,"minecraft:sandstone":1,"minecraft:torch":4},"minecraft:used":{"minecraft:stone_sword":288,"minecraft:red_sand":4,"minecraft:cooked_chicken":8,"minecraft:stone_hoe":14,"minecraft:torch":4,"minecraft:dirt":2,"minecraft:golden_chestplate":1,"mcwwindows:cobblestone_arrow_slit":12,"minecraft:lava_bucket":11,"minecraft:furnace":1,"minecraft:egg":9,"minecraft:cooked_beef":5,"minecraft:golden_boots":1,"minecraft:stone_pickaxe":216,"minecraft:oak_planks":9,"minecraft:wooden_pickaxe":14,"minecraft:sandstone":21,"minecraft:cut_sandstone":13,"minecraft:cobblestone_slab":4,"minecraft:sugar_cane":3,"minecraft:sand":11,"minecraft:cut_sandstone_slab":4,"minecraft:crafting_table":8,"minecraft:white_bed":2,"minecraft:apple":5,"minecraft:bread":1,"minecraft:chicken":1,"minecraft:melon_slice":12,"minecraft:golden_leggings":1,"minecraft:stone_axe":84,"minecraft:cobblestone":20,"minecraft:bucket":11,"realistictorches:unlit_torch":4},"minecraft:killed_by":{"minecraft:husk":9,"minecraft:creeper":1,"minecraft:skeleton":3,"minecraft:zombie":5},"minecraft:broken":{"minecraft:stone_sword":2,"minecraft:stone_pickaxe":1},"minecraft:custom":{"minecraft:mob_kills":84,"minecraft:interact_with_crafting_table":13,"minecraft:bell_ring":4,"minecraft:leave_game":2,"minecraft:time_since_death":4166,"minecraft:climb_one_cm":1160,"minecraft:sprint_one_cm":238926,"minecraft:walk_one_cm":184824,"minecraft:drop":25,"minecraft:play_time":93389,"minecraft:deaths":19,"minecraft:sneak_time":7852,"minecraft:walk_under_water_one_cm":2997,"minecraft:jump":1288,"minecraft:walk_on_water_one_cm":7053,"minecraft:total_world_time":93389,"minecraft:interact_with_furnace":8,"minecraft:sleep_in_bed":2,"minecraft:time_since_rest":4196,"minecraft:damage_taken":6307,"minecraft:damage_dealt":12013,"minecraft:swim_one_cm":22889,"minecraft:fly_one_cm":219085,"minecraft:open_chest":10,"minecraft:crouch_one_cm":15912,"minecraft:fall_one_cm":34130},"minecraft:dropped":{"minecraft:oak_log":9,"minecraft:diamond":2,"minecraft:cobblestone":21,"minecraft:stick":3,"minecraft:melon_slice":30,"minecraft:jungle_sapling":1,"minecraft:sand":12,"minecraft:bucket":1,"minecraft:gravel":1,"minecraft:stone_axe":1,"minecraft:chicken":11,"minecraft:white_bed":1,"travelersbackpack:gold_tier_upgrade":2,"minecraft:gunpowder":1,"minecraft:jungle_log":20,"minecraft:oak_sapling":7,"minecraft:bow":1},"minecraft:mined":{"minecraft:white_bed":1,"minecraft:granite":8,"minecraft:red_sand":3,"minecraft:grass_block":7,"minecraft:decorated_pot":5,"minecraft:jungle_log":41,"minecraft:sandstone":29,"minecraft:spawner":1,"minecraft:hay_block":19,"realistictorches:torch":2,"minecraft:furnace":1,"minecraft:suspicious_sand":1,"minecraft:andesite":19,"minecraft:vine":8,"minecraft:iron_bars":2,"minecraft:stone":73,"minecraft:cut_sandstone":48,"mcwwindows:cobblestone_arrow_slit":9,"minecraft:torch":1,"minecraft:short_grass":46,"minecraft:melon":3,"minecraft:dead_bush":26,"minecraft:cobblestone":6,"minecraft:oak_planks":1,"minecraft:wall_torch":1,"minecraft:wheat":6,"minecraft:smooth_stone_slab":3,"minecraft:oak_log":30,"minecraft:coal_ore":22,"minecraft:gravel":1,"minecraft:sand":11,"minecraft:dirt":3,"minecraft:cobweb":4,"minecraft:stone_bricks":1,"minecraft:oak_leaves":10,"minecraft:fern":17},"minecraft:picked_up":{"minecraft:cocoa_beans":3,"minecraft:charcoal":4,"minecraft:crafting_table":2,"minecraft:wheat":2,"minecraft:chicken":34,"minecraft:wooden_pickaxe":2,"minecraft:enchanted_book":2,"minecraft:string":29,"minecraft:flint_and_steel":1,"minecraft:smooth_stone_slab":12,"minecraft:red_sand":5,"minecraft:bucket":5,"minecraft:beef":79,"minecraft:jungle_sapling":2,"minecraft:light_gray_wool":6,"minecraft:melon_slice":89,"minecraft:sugar_cane":3,"minecraft:egg":15,"minecraft:furnace":8,"minecraft:stick":121,"minecraft:sandstone":47,"minecraft:torch":2,"minecraft:carrot":2,"minecraft:golden_chestplate":2,"minecraft:arrow":70,"minecraft:stone_sword":7,"minecraft:cactus":15,"minecraft:rotten_flesh":113,"minecraft:decorated_pot":7,"minecraft:hay_block":72,"minecraft:saddle":1,"minecraft:gold_ingot":24,"minecraft:white_terracotta":2,"minecraft:mutton":34,"minecraft:iron_bars":2,"minecraft:skeleton_skull":2,"minecraft:white_wool":6,"minecraft:cobblestone":249,"minecraft:dune_armor_trim_smithing_template":6,"minecraft:cooked_beef":4,"minecraft:feather":58,"minecraft:andesite":57,"minecraft:water_bucket":1,"minecraft:jungle_log":152,"minecraft:cut_sandstone":129,"minecraft:leather":70,"minecraft:golden_leggings":3,"minecraft:potato":46,"minecraft:oak_log":109,"minecraft:golden_boots":3,"minecraft:gunpowder":2,"minecraft:wither_skeleton_skull":3,"travelersbackpack:gold_tier_upgrade":4,"minecraft:cut_sandstone_slab":7,"minecraft:dirt":7,"minecraft:bone":66,"minecraft:apple":9,"minecraft:bow":2,"mcwwindows:cobblestone_arrow_slit":9,"minecraft:wheat_seeds":12,"minecraft:stone_pickaxe":7,"minecraft:stone_hoe":3,"minecraft:oak_planks":100,"minecraft:lava_bucket":1,"minecraft:gravel":1,"minecraft:jungle_planks":24,"minecraft:sand":92,"minecraft:white_bed":4,"minecraft:diamond":11,"minecraft:stone_axe":7,"realistictorches:unlit_torch":11,"minecraft:granite":24,"minecraft:bone_meal":1,"minecraft:emerald":20,"minecraft:bread":222,"minecraft:terracotta":4,"minecraft:oak_sapling":22,"minecraft:coal":107},"minecraft:killed":{"minecraft:spider":1,"minecraft:skeleton":4,"minecraft:chicken":13,"minecraft:husk":37,"minecraft:bat":1,"minecraft:sheep":4,"minecraft:zombie":6,"minecraft:cow":12}},"DataVersion":3700}