{"stats":{"minecraft:killed":{"blue_skies:armored_frost_spirit":4,"mowziesmobs:barakoan_barakoana":3,"iceandfire:hippogryph":1,"blue_skies:frost_spirit":3,"minecraft:witch":2,"minecraft:spider":11,"blue_skies:azulfo":4,"minecraft:skeleton":29,"livingthings:lion":2,"blue_skies:diophyde_prowler":2,"minecraft:chicken":2,"livingthings:shark":5,"minecraft:piglin_brute":17,"iceandfire:myrmex_worker":5,"minecraft:pig":1,"minecraft:zombie_villager":2,"minecraft:creeper":2,"iceandfire:cockatrice":1,"minecraft:sheep":13,"minecraft:trader_llama":3,"minecraft:pillager":19,"minecraft:zombie":45,"iceandfire:sea_serpent":4,"minecraft:cow":1,"minecraft:vindicator":9,"livingthings:raccoon":6,"blue_skies:gatekeeper":1,"livingthings:crab":1,"minecraft:drowned":2,"iceandfire:deathworm":1,"blue_skies:polargeist":1,"iceandfire:myrmex_sentinel":1,"minecraft:husk":6,"iceandfire:cyclops":1,"minecraft:wandering_trader":1,"iceandfire:myrmex_soldier":2,"iceandfire:ghost":1,"minecraft:villager":1,"livingthings:elephant":2,"minecraft:enderman":2},"minecraft:dropped":{"minecraft:iron_sword":2,"minecraft:glass_bottle":1,"iceandfire:tide_trident":1,"cwsr:ender_essence":1,"minecraft:dirt":17,"blue_skies:blue_journal":1,"minecraft:dark_oak_log":15,"cwsr:wind_boom":1,"mowziesmobs:barakoa_mask_misery":1,"minecraft:dark_oak_trapdoor":1,"minecraft:cut_sandstone":2,"minecraft:chain":4,"gravestone:obituary":31,"cwsr:beast_essence":1,"minecraft:dark_oak_planks":73,"minecraft:white_wool":8,"livingthings:cooked_elephant":1,"minecraft:sugar_cane":5,"minecraft:oak_planks":10,"minecraft:cooked_mutton":1,"cwsr:thunder_essence":1,"minecraft:iron_ore":2,"iceandfire:sea_serpent_scales_blue":1,"minecraft:bread":20,"minecraft:wheat_seeds":88,"minecraft:feather":5,"minecraft:iron_helmet":1,"minecraft:cobblestone":1,"cwsr:dark_essence":1,"blue_skies:zeal_lighter":1,"minecraft:stick":10,"minecraft:diamond_horse_armor":1,"minecraft:potion":1,"minecraft:smooth_stone":5,"minecraft:string":6,"iceandfire:dragon_skull_fire":1,"iceandfire:dragonbone":19,"minecraft:sticky_piston":1,"iceandfire:witherbone":1,"minecraft:chicken":1,"minecraft:iron_boots":2,"sophisticatedbackpacks:backpack":1,"minecraft:diamond_sword":1,"minecraft:shield":1,"minecraft:stone":4,"minecraft:orange_terracotta":3,"minecraft:iron_chestplate":5,"minecraft:andesite":2,"minecraft:yellow_bed":1,"minecraft:stone_pressure_plate":1,"minecraft:spider_eye":1,"minecraft:stone_bricks":4,"iceandfire:sea_serpent_fang":1},"minecraft:killed_by":{"minecraft:zombie_villager":1,"minecraft:piglin_brute":2,"iceandfire:cyclops":3,"minecraft:creeper":2,"livingthings:lion":1,"iceandfire:sea_serpent":7,"minecraft:vindicator":1,"minecraft:zombie":5,"livingthings:elephant":2,"iceandfire:myrmex_soldier":1,"mowziesmobs:barakoan_barakoana":1,"mowziesmobs:barakoana":1,"iceandfire:fire_dragon":2,"minecraft:player":15,"iceandfire:gorgon":1,"livingthings:shark":4,"iceandfire:cockatrice":3,"iceandfire:myrmex_sentinel":3},"minecraft:custom":{"minecraft:interact_with_crafting_table":126,"minecraft:open_barrel":52,"minecraft:leave_game":27,"minecraft:time_since_death":12595,"minecraft:damage_resisted":18,"minecraft:sprint_one_cm":837503,"minecraft:damage_blocked_by_shield":4135,"minecraft:drop":120,"minecraft:talked_to_villager":10,"minecraft:deaths":56,"minecraft:jump":5765,"minecraft:walk_on_water_one_cm":57978,"minecraft:interact_with_furnace":75,"minecraft:traded_with_villager":4,"minecraft:play_one_minute":469056,"minecraft:sleep_in_bed":22,"minecraft:damage_dealt":45990,"minecraft:player_kills":1,"minecraft:crouch_one_cm":27100,"minecraft:interact_with_smoker":3,"minecraft:mob_kills":225,"minecraft:climb_one_cm":31815,"minecraft:walk_one_cm":718943,"minecraft:damage_dealt_absorbed":120,"minecraft:sneak_time":16104,"minecraft:walk_under_water_one_cm":68765,"minecraft:boat_one_cm":1838760,"minecraft:tune_noteblock":7,"minecraft:time_since_rest":12664,"minecraft:damage_taken":2147483647,"minecraft:swim_one_cm":112950,"minecraft:fly_one_cm":1368883,"minecraft:open_chest":178,"minecraft:fall_one_cm":206692},"minecraft:crafted":{"minecraft:oak_planks":76,"minecraft:dark_oak_boat":14,"minecraft:cooked_chicken":2,"sophisticatedbackpacks:crafting_upgrade":1,"cwsr:wind_boom":1,"minecraft:cooked_mutton":36,"aquaculture:fish_fillet_raw":49,"minecraft:iron_boots":1,"minecraft:chest":4,"livingthings:cooked_elephant":2,"minecraft:stone_hoe":1,"blue_skies:blue_journal":2,"minecraft:crafting_table":15,"minecraft:wooden_pickaxe":3,"minecraft:iron_helmet":1,"sophisticatedbackpacks:upgrade_base":2,"livingthings:cooked_crab":1,"minecraft:iron_chestplate":2,"minecraft:charcoal":1,"minecraft:shield":3,"minecraft:stick":56,"minecraft:iron_ingot":25,"minecraft:iron_pickaxe":2,"minecraft:stone_sword":2,"minecraft:gold_ingot":50,"comforts:sleeping_bag_white":1,"minecraft:furnace":6,"blue_skies:zeal_lighter":2,"blue_skies:cooked_carabeef":12,"minecraft:iron_axe":1,"minecraft:stone_pickaxe":3,"aquaculture:fish_fillet_cooked":10,"aquaculture:gold_fillet_knife":2,"minecraft:dark_oak_planks":364,"cwsr:sword_handle":1,"minecraft:wheat":396,"livingthings:cooked_lion":1,"minecraft:brown_mushroom":10,"minecraft:iron_sword":3,"sophisticatedbackpacks:gold_backpack":1,"minecraft:bucket":1,"minecraft:stone_axe":3,"minecraft:bread":134,"minecraft:air":0,"minecraft:oak_boat":1,"minecraft:wooden_axe":1,"minecraft:iron_leggings":1,"minecraft:white_bed":2,"minecraft:acacia_planks":8,"minecraft:torch":4},"minecraft:mined":{"minecraft:dark_oak_planks":8,"minecraft:stone_pressure_plate":1,"minecraft:spruce_planks":2,"minecraft:white_bed":1,"iceandfire:myrmex_resin_desert":1,"minecraft:stripped_crimson_hyphae":2,"minecraft:grass_block":44,"minecraft:chiseled_stone_bricks":2,"minecraft:spawner":6,"comforts:sleeping_bag_white":5,"minecraft:tall_seagrass":1,"minecraft:iron_ore":48,"minecraft:sticky_piston":1,"minecraft:fire":27,"iceandfire:gold_pile":41,"minecraft:piston_head":1,"minecraft:cut_sandstone":2,"minecraft:kelp_plant":3,"minecraft:orange_terracotta":2,"minecraft:torch":1,"blue_skies:maple_trapdoor":1,"iceandfire:ghost_chest":3,"minecraft:chest":13,"minecraft:dead_bush":1,"minecraft:mushroom_stem":1,"minecraft:cobblestone":3,"minecraft:sugar_cane":3,"minecraft:skeleton_skull":1,"minecraft:repeater":1,"minecraft:wheat":25,"iceandfire:podium_birch":1,"minecraft:tnt":32,"minecraft:stone_brick_stairs":2,"minecraft:wither_rose":1,"minecraft:grass":171,"minecraft:oak_log":8,"blue_skies:brittlebush":1,"minecraft:sand":37,"minecraft:dirt":27,"minecraft:oak_leaves":3,"minecraft:dark_oak_log":74,"gravestone:gravestone":49,"minecraft:redstone_wire":1,"minecraft:sandstone":29,"iceandfire:myrmex_desert_biolight":5,"minecraft:hay_block":48,"minecraft:furnace":5,"iceandfire:copper_ore":1,"minecraft:chiseled_sandstone":1,"minecraft:andesite":8,"minecraft:bookshelf":8,"minecraft:vine":2,"minecraft:stone":99,"minecraft:bone_block":132,"minecraft:redstone_block":1,"blue_skies:turquoise_grass":13,"minecraft:stripped_dark_oak_log":3,"blue_skies:starlit_log":1,"minecraft:stone_brick_slab":5,"minecraft:dandelion":1,"minecraft:crafting_table":6,"minecraft:tall_grass":22,"minecraft:light_blue_bed":2,"iceandfire:desert_myrmex_cocoon":2,"minecraft:yellow_bed":2,"minecraft:coal_ore":70,"blue_skies:bluebright_log":1,"minecraft:cobweb":6,"minecraft:cracked_stone_bricks":5,"minecraft:polished_andesite":19,"minecraft:stone_bricks":19,"minecraft:mossy_stone_bricks":4,"minecraft:fern":1},"minecraft:used":{"iceandfire:tide_trident":1,"minecraft:chest":8,"minecraft:shield":93,"minecraft:iron_sword":280,"minecraft:bell":1,"minecraft:rotten_flesh":24,"minecraft:mutton":2,"minecraft:lava_bucket":1,"iceandfire:ghost_chest":2,"minecraft:light_blue_bed":2,"minecraft:stone_bricks":8,"livingthings:cooked_lion":1,"minecraft:bow":8,"minecraft:dark_oak_boat":15,"minecraft:oak_sapling":1,"minecraft:furnace":9,"minecraft:egg":1,"minecraft:mossy_stone_bricks":3,"minecraft:stone_pickaxe":227,"minecraft:oak_planks":7,"minecraft:wooden_pickaxe":36,"minecraft:sandstone":10,"minecraft:dark_oak_trapdoor":1,"cwsr:wind_boom":42,"minecraft:sand":5,"minecraft:sticky_piston":2,"minecraft:dark_oak_log":8,"minecraft:bread":138,"livingthings:lion":2,"minecraft:diamond_sword":579,"minecraft:andesite":8,"minecraft:oak_boat":1,"minecraft:cobweb":6,"iceandfire:desert_myrmex_cocoon":1,"minecraft:stone_sword":102,"minecraft:spruce_planks":5,"minecraft:cooked_chicken":2,"minecraft:stone_hoe":11,"minecraft:torch":1,"minecraft:dirt":86,"iceandfire:myrmex_resin_desert":1,"blue_skies:zeal_lighter":35,"minecraft:iron_hoe":34,"minecraft:dark_oak_planks":79,"minecraft:wooden_axe":3,"minecraft:iron_axe":45,"minecraft:beef":1,"comforts:sleeping_bag_white":19,"minecraft:cooked_mutton":10,"minecraft:water_bucket":7,"farmersdelight:golden_knife":1,"minecraft:cracked_stone_bricks":1,"minecraft:crafting_table":21,"minecraft:white_bed":2,"minecraft:cod":3,"minecraft:apple":1,"minecraft:iron_pickaxe":251,"minecraft:stone_axe":46,"blue_skies:cooked_horizofin_tunid":1,"minecraft:cobblestone":7,"minecraft:potion":1,"minecraft:porkchop":2,"minecraft:bucket":9,"minecraft:yellow_bed":2,"livingthings:cooked_elephant":1},"minecraft:picked_up":{"livingthings:crab":1,"minecraft:iron_chestplate":2,"minecraft:wheat":60,"minecraft:redstone_block":1,"iceandfire:copper_ore":1,"minecraft:lead":2,"minecraft:oak_stairs":2,"minecraft:wither_rose":1,"minecraft:stone_brick_stairs":5,"iceandfire:manuscript":12,"iceandfire:myrmex_desert_biolight":5,"minecraft:string":35,"minecraft:dark_oak_trapdoor":2,"iceandfire:sea_serpent_scales_teal":10,"minecraft:sticky_piston":5,"iceandfire:sea_serpent_scales_bronze":18,"cwsr:ender_essence":1,"dynamictrees:dark_oak_seed":2,"minecraft:gold_nugget":449,"minecraft:smooth_stone":3,"comforts:sleeping_bag_white":19,"minecraft:spruce_planks":8,"dynamictrees:oak_seed":3,"minecraft:furnace":5,"minecraft:stick":36,"blue_skies:azulfo_horn":1,"iceandfire:ghost_chest":3,"minecraft:torch":2,"minecraft:acacia_log":2,"minecraft:porkchop":3,"minecraft:rotten_flesh":75,"livingthings:shark_tooth":8,"iceandfire:deathworm_chitin_yellow":4,"iceandfire:myrmex_desert_chitin":5,"mowziesmobs:barakoa_mask_misery":1,"minecraft:cod":3,"minecraft:cobblestone":139,"minecraft:feather":18,"minecraft:repeater":1,"minecraft:andesite":10,"cwsr:dark_essence":1,"minecraft:dark_oak_boat":1,"mowziesmobs:barakoa_mask_fury":1,"minecraft:dirt":177,"cwsr:beast_essence":1,"minecraft:leather_boots":1,"minecraft:bone":46,"minecraft:bow":2,"minecraft:wheat_seeds":260,"minecraft:mossy_stone_bricks":11,"minecraft:glowstone_dust":1,"blue_skies:maple_trapdoor":1,"minecraft:oak_planks":13,"iceandfire:dragon_skull_fire":1,"minecraft:sand":36,"sophisticatedbackpacks:iron_backpack":1,"minecraft:dead_bush":2,"minecraft:dark_oak_log":295,"minecraft:chiseled_sandstone":1,"iceandfire:myrmex_stinger":4,"minecraft:polished_andesite":19,"minecraft:blue_terracotta":1,"minecraft:sugar":2,"minecraft:diamond":2,"iceandfire:myrmex_desert_egg":2,"minecraft:emerald":4,"minecraft:bread":64,"livingthings:elephant":2,"iceandfire:tide_trident":1,"minecraft:oak_sapling":3,"livingthings:lion":5,"minecraft:crafting_table":8,"cwsr:thunder_essence":1,"iceandfire:witherbone":2,"minecraft:purple_wool":1,"blue_skies:star_flare":2,"minecraft:chicken":4,"minecraft:ladder":4,"minecraft:brown_mushroom":2,"minecraft:packed_ice":4,"minecraft:diamond_horse_armor":1,"minecraft:chain":6,"gravestone:obituary":12,"iceandfire:sea_serpent_scales_blue":28,"cwsr:wind_boom":1,"minecraft:blue_orchid":2,"iceandfire:graveyard_soil":2,"minecraft:cracked_stone_bricks":8,"minecraft:beef":1,"minecraft:spruce_slab":1,"minecraft:chest":13,"minecraft:sugar_cane":5,"minecraft:egg":2,"minecraft:dark_oak_sapling":5,"minecraft:sandstone":37,"iceandfire:dragonbone":19,"minecraft:stone":3,"minecraft:oak_door":1,"minecraft:spruce_fence":3,"sophisticatedbackpacks:backpack":2,"iceandfire:myrmex_resin_desert":1,"blue_skies:carabeef":12,"iceandfire:deathworm_chitin_white":4,"minecraft:carrot":1,"minecraft:redstone":4,"minecraft:light_blue_bed":2,"minecraft:iron_horse_armor":1,"minecraft:stone_pressure_plate":1,"minecraft:dark_oak_planks":21,"minecraft:tnt":32,"minecraft:arrow":31,"iceandfire:cyclops_eye":2,"minecraft:hay_block":44,"minecraft:gold_ingot":2,"minecraft:mutton":31,"minecraft:bone_block":129,"livingthings:cooked_lion":1,"minecraft:skeleton_skull":1,"minecraft:white_wool":25,"iceandfire:sea_serpent_fang":5,"minecraft:cut_sandstone":5,"minecraft:leather":27,"minecraft:red_mushroom":5,"minecraft:ice":3,"minecraft:oak_log":20,"iceandfire:ectoplasm":3,"minecraft:yellow_bed":3,"minecraft:gunpowder":2,"livingthings:crab_shell":1,"minecraft:orange_terracotta":3,"minecraft:cooked_mutton":1,"blue_skies:soul_fragment":4,"minecraft:apple":1,"minecraft:stone_bricks":27,"minecraft:kelp":3,"minecraft:rabbit_hide":2,"minecraft:iron_ingot":5,"minecraft:cobweb":6,"dynamictrees:birch_seed":2,"minecraft:cooked_chicken":4,"minecraft:iron_ore":54,"minecraft:iron_sword":1,"minecraft:book":12,"iceandfire:podium_birch":1,"minecraft:chiseled_stone_bricks":2,"minecraft:stone_brick_slab":6,"minecraft:dandelion":1,"mowziesmobs:barakoa_mask_bliss":1,"blue_skies:bluebright_log":1,"minecraft:white_bed":2,"minecraft:spider_eye":3,"blue_skies:starlit_log":1,"iceandfire:desert_myrmex_cocoon":2,"minecraft:black_wool":1,"minecraft:stripped_dark_oak_log":3,"minecraft:coal":69,"minecraft:ender_pearl":1},"minecraft:broken":{"minecraft:iron_boots":1,"minecraft:iron_leggings":1,"minecraft:wooden_axe":1,"mowziesmobs:barakoa_mask_fury":1,"mowziesmobs:barakoa_mask_bliss":1,"minecraft:shield":1,"minecraft:leather_boots":1,"minecraft:iron_helmet":1}},"DataVersion":2586}