{"stats":{"minecraft:killed":{"blue_skies:armored_frost_spirit":4,"mowziesmobs:barakoan_barakoana":3,"iceandfire:hippogryph":1,"minecraft:witch":2,"blue_skies:frost_spirit":3,"minecraft:spider":7,"blue_skies:azulfo":4,"minecraft:skeleton":21,"livingthings:lion":2,"blue_skies:diophyde_prowler":2,"minecraft:chicken":1,"livingthings:shark":5,"minecraft:piglin_brute":17,"iceandfire:myrmex_worker":5,"minecraft:pig":1,"minecraft:zombie_villager":2,"minecraft:creeper":1,"iceandfire:cockatrice":1,"minecraft:sheep":12,"minecraft:trader_llama":3,"minecraft:pillager":18,"minecraft:zombie":32,"iceandfire:sea_serpent":1,"minecraft:cow":1,"livingthings:raccoon":6,"minecraft:vindicator":6,"livingthings:crab":1,"minecraft:drowned":1,"blue_skies:polargeist":1,"iceandfire:myrmex_sentinel":1,"minecraft:husk":5,"minecraft:wandering_trader":1,"iceandfire:myrmex_soldier":2,"iceandfire:ghost":1,"minecraft:villager":1,"livingthings:elephant":2,"minecraft:enderman":1},"minecraft:dropped":{"minecraft:iron_sword":2,"minecraft:glass_bottle":1,"iceandfire:tide_trident":1,"minecraft:dirt":9,"minecraft:dark_oak_log":15,"mowziesmobs:barakoa_mask_misery":1,"minecraft:dark_oak_trapdoor":1,"minecraft:cut_sandstone":2,"minecraft:chain":4,"gravestone:obituary":28,"minecraft:dark_oak_planks":67,"livingthings:cooked_elephant":1,"minecraft:oak_planks":10,"minecraft:cooked_mutton":1,"minecraft:iron_ore":2,"iceandfire:sea_serpent_scales_blue":1,"minecraft:bread":20,"minecraft:wheat_seeds":86,"minecraft:iron_helmet":1,"minecraft:cobblestone":1,"blue_skies:zeal_lighter":1,"minecraft:stick":7,"minecraft:diamond_horse_armor":1,"minecraft:potion":1,"minecraft:smooth_stone":5,"iceandfire:dragonbone":1,"minecraft:sticky_piston":1,"iceandfire:witherbone":1,"minecraft:chicken":1,"minecraft:iron_boots":1,"minecraft:diamond_sword":1,"minecraft:shield":1,"minecraft:stone":4,"minecraft:orange_terracotta":2,"minecraft:yellow_bed":1,"minecraft:stone_pressure_plate":1,"minecraft:stone_bricks":4,"minecraft:spider_eye":1,"iceandfire:sea_serpent_fang":1},"minecraft:killed_by":{"minecraft:zombie_villager":1,"minecraft:piglin_brute":2,"minecraft:creeper":1,"livingthings:lion":1,"iceandfire:sea_serpent":1,"minecraft:vindicator":1,"minecraft:zombie":4,"livingthings:elephant":2,"iceandfire:myrmex_soldier":1,"mowziesmobs:barakoan_barakoana":1,"mowziesmobs:barakoana":1,"iceandfire:fire_dragon":2,"minecraft:player":11,"iceandfire:gorgon":1,"livingthings:shark":4,"iceandfire:cockatrice":3,"iceandfire:myrmex_sentinel":3},"minecraft:custom":{"minecraft:interact_with_crafting_table":83,"minecraft:open_barrel":43,"minecraft:leave_game":18,"minecraft:time_since_death":15167,"minecraft:damage_resisted":18,"minecraft:sprint_one_cm":701938,"minecraft:damage_blocked_by_shield":3330,"minecraft:drop":85,"minecraft:talked_to_villager":9,"minecraft:deaths":41,"minecraft:jump":4664,"minecraft:walk_on_water_one_cm":28206,"minecraft:interact_with_furnace":46,"minecraft:traded_with_villager":2,"minecraft:play_one_minute":344821,"minecraft:sleep_in_bed":16,"minecraft:damage_dealt":34761,"minecraft:player_kills":1,"minecraft:crouch_one_cm":21975,"minecraft:mob_kills":180,"minecraft:climb_one_cm":25332,"minecraft:walk_one_cm":562853,"minecraft:damage_dealt_absorbed":120,"minecraft:sneak_time":11879,"minecraft:walk_under_water_one_cm":37808,"minecraft:boat_one_cm":1406308,"minecraft:tune_noteblock":7,"minecraft:time_since_rest":6118,"minecraft:damage_taken":2147483647,"minecraft:swim_one_cm":71789,"minecraft:fly_one_cm":1064020,"minecraft:open_chest":164,"minecraft:fall_one_cm":156089},"minecraft:crafted":{"minecraft:oak_planks":44,"minecraft:dark_oak_boat":13,"minecraft:cooked_chicken":2,"minecraft:cooked_mutton":8,"minecraft:chest":2,"livingthings:cooked_elephant":2,"minecraft:stone_hoe":1,"minecraft:crafting_table":14,"minecraft:wooden_pickaxe":3,"livingthings:cooked_crab":1,"minecraft:charcoal":1,"minecraft:shield":3,"minecraft:stick":52,"minecraft:iron_ingot":25,"minecraft:iron_pickaxe":1,"minecraft:stone_sword":2,"minecraft:gold_ingot":34,"comforts:sleeping_bag_white":1,"minecraft:furnace":4,"blue_skies:zeal_lighter":2,"minecraft:iron_axe":1,"minecraft:stone_pickaxe":3,"minecraft:dark_oak_planks":348,"minecraft:wheat":396,"livingthings:cooked_lion":1,"minecraft:iron_sword":3,"minecraft:bucket":1,"minecraft:stone_axe":3,"minecraft:bread":134,"minecraft:air":0,"minecraft:wooden_axe":1,"minecraft:white_bed":1,"minecraft:torch":4},"minecraft:mined":{"minecraft:dark_oak_planks":8,"minecraft:stone_pressure_plate":1,"iceandfire:myrmex_resin_desert":1,"minecraft:stripped_crimson_hyphae":2,"minecraft:grass_block":32,"minecraft:chiseled_stone_bricks":2,"minecraft:spawner":4,"comforts:sleeping_bag_white":4,"minecraft:tall_seagrass":1,"minecraft:iron_ore":48,"minecraft:sticky_piston":1,"minecraft:fire":11,"iceandfire:gold_pile":29,"minecraft:piston_head":1,"minecraft:cut_sandstone":2,"minecraft:orange_terracotta":2,"minecraft:torch":1,"blue_skies:maple_trapdoor":1,"iceandfire:ghost_chest":2,"minecraft:chest":13,"minecraft:mushroom_stem":1,"minecraft:cobblestone":3,"minecraft:skeleton_skull":1,"minecraft:repeater":1,"minecraft:wheat":25,"minecraft:tnt":32,"iceandfire:podium_birch":1,"minecraft:wither_rose":1,"minecraft:stone_brick_stairs":2,"minecraft:grass":149,"minecraft:oak_log":6,"blue_skies:brittlebush":1,"minecraft:sand":20,"minecraft:dirt":22,"minecraft:oak_leaves":3,"minecraft:dark_oak_log":70,"gravestone:gravestone":37,"minecraft:redstone_wire":1,"minecraft:sandstone":17,"iceandfire:myrmex_desert_biolight":5,"minecraft:hay_block":48,"minecraft:furnace":4,"iceandfire:copper_ore":1,"minecraft:chiseled_sandstone":1,"minecraft:andesite":8,"minecraft:bookshelf":8,"minecraft:vine":1,"minecraft:stone":70,"minecraft:bone_block":107,"minecraft:redstone_block":1,"blue_skies:turquoise_grass":13,"minecraft:stripped_dark_oak_log":3,"blue_skies:starlit_log":1,"minecraft:stone_brick_slab":5,"minecraft:dandelion":1,"minecraft:crafting_table":5,"minecraft:tall_grass":19,"minecraft:light_blue_bed":2,"iceandfire:desert_myrmex_cocoon":2,"minecraft:yellow_bed":2,"minecraft:coal_ore":46,"blue_skies:bluebright_log":1,"minecraft:cobweb":6,"minecraft:cracked_stone_bricks":5,"minecraft:polished_andesite":19,"minecraft:stone_bricks":19,"minecraft:mossy_stone_bricks":4},"minecraft:used":{"iceandfire:tide_trident":1,"minecraft:chest":8,"minecraft:shield":67,"minecraft:iron_sword":280,"minecraft:bell":1,"minecraft:rotten_flesh":24,"minecraft:mutton":2,"minecraft:lava_bucket":1,"iceandfire:ghost_chest":1,"minecraft:light_blue_bed":2,"minecraft:stone_bricks":8,"livingthings:cooked_lion":1,"minecraft:bow":5,"minecraft:dark_oak_boat":13,"minecraft:furnace":6,"minecraft:oak_sapling":1,"minecraft:egg":1,"minecraft:mossy_stone_bricks":3,"minecraft:stone_pickaxe":227,"minecraft:oak_planks":7,"minecraft:wooden_pickaxe":36,"minecraft:sandstone":10,"minecraft:dark_oak_trapdoor":1,"minecraft:sand":5,"minecraft:sticky_piston":2,"minecraft:dark_oak_log":8,"minecraft:bread":102,"livingthings:lion":2,"minecraft:diamond_sword":395,"minecraft:andesite":8,"minecraft:cobweb":6,"iceandfire:desert_myrmex_cocoon":1,"minecraft:stone_sword":102,"minecraft:spruce_planks":3,"minecraft:stone_hoe":11,"minecraft:cooked_chicken":2,"minecraft:torch":1,"minecraft:dirt":59,"iceandfire:myrmex_resin_desert":1,"blue_skies:zeal_lighter":12,"minecraft:iron_hoe":34,"minecraft:dark_oak_planks":79,"minecraft:wooden_axe":3,"minecraft:iron_axe":38,"minecraft:beef":1,"comforts:sleeping_bag_white":12,"minecraft:cooked_mutton":7,"minecraft:water_bucket":2,"farmersdelight:golden_knife":1,"minecraft:cracked_stone_bricks":1,"minecraft:crafting_table":18,"minecraft:white_bed":1,"minecraft:cod":3,"minecraft:apple":1,"minecraft:iron_pickaxe":155,"minecraft:stone_axe":46,"minecraft:cobblestone":7,"minecraft:potion":1,"minecraft:porkchop":2,"minecraft:bucket":4,"minecraft:yellow_bed":2,"livingthings:cooked_elephant":1},"minecraft:picked_up":{"livingthings:crab":1,"minecraft:iron_chestplate":1,"minecraft:wheat":60,"minecraft:redstone_block":1,"iceandfire:copper_ore":1,"minecraft:lead":2,"minecraft:wither_rose":1,"minecraft:stone_brick_stairs":5,"iceandfire:manuscript":12,"iceandfire:myrmex_desert_biolight":5,"minecraft:string":16,"minecraft:dark_oak_trapdoor":2,"minecraft:sticky_piston":5,"dynamictrees:dark_oak_seed":2,"minecraft:gold_nugget":302,"minecraft:smooth_stone":3,"comforts:sleeping_bag_white":12,"minecraft:spruce_planks":5,"dynamictrees:oak_seed":2,"minecraft:furnace":4,"iceandfire:ghost_chest":2,"minecraft:stick":18,"blue_skies:azulfo_horn":1,"minecraft:torch":2,"minecraft:porkchop":3,"minecraft:rotten_flesh":59,"livingthings:shark_tooth":8,"iceandfire:myrmex_desert_chitin":5,"mowziesmobs:barakoa_mask_misery":1,"minecraft:cod":3,"minecraft:cobblestone":118,"minecraft:feather":11,"minecraft:repeater":1,"minecraft:andesite":8,"mowziesmobs:barakoa_mask_fury":1,"minecraft:dirt":138,"minecraft:leather_boots":1,"minecraft:bone":37,"minecraft:bow":2,"minecraft:wheat_seeds":258,"minecraft:mossy_stone_bricks":11,"minecraft:glowstone_dust":1,"blue_skies:maple_trapdoor":1,"minecraft:oak_planks":10,"minecraft:sand":18,"minecraft:dead_bush":2,"minecraft:dark_oak_log":291,"minecraft:chiseled_sandstone":1,"iceandfire:myrmex_stinger":4,"minecraft:polished_andesite":19,"minecraft:blue_terracotta":1,"minecraft:sugar":2,"iceandfire:myrmex_desert_egg":2,"livingthings:elephant":2,"minecraft:emerald":3,"minecraft:bread":64,"iceandfire:tide_trident":1,"minecraft:oak_sapling":3,"livingthings:lion":5,"minecraft:crafting_table":6,"blue_skies:star_flare":2,"minecraft:purple_wool":1,"iceandfire:witherbone":2,"minecraft:chicken":4,"minecraft:ladder":3,"minecraft:brown_mushroom":2,"minecraft:packed_ice":4,"minecraft:diamond_horse_armor":1,"minecraft:chain":6,"gravestone:obituary":10,"iceandfire:sea_serpent_scales_blue":17,"minecraft:blue_orchid":2,"iceandfire:graveyard_soil":2,"minecraft:cracked_stone_bricks":8,"minecraft:beef":1,"minecraft:spruce_slab":1,"minecraft:chest":13,"minecraft:egg":2,"minecraft:dark_oak_sapling":5,"minecraft:sandstone":26,"iceandfire:dragonbone":1,"minecraft:stone":3,"minecraft:oak_door":1,"sophisticatedbackpacks:backpack":2,"minecraft:spruce_fence":3,"iceandfire:myrmex_resin_desert":1,"blue_skies:carabeef":12,"minecraft:carrot":1,"minecraft:redstone":4,"minecraft:light_blue_bed":2,"minecraft:iron_horse_armor":1,"minecraft:stone_pressure_plate":1,"minecraft:dark_oak_planks":15,"minecraft:tnt":32,"minecraft:arrow":19,"minecraft:hay_block":44,"minecraft:gold_ingot":2,"minecraft:mutton":19,"minecraft:white_wool":11,"minecraft:skeleton_skull":1,"livingthings:cooked_lion":1,"minecraft:bone_block":104,"iceandfire:sea_serpent_fang":3,"minecraft:cut_sandstone":5,"minecraft:leather":21,"minecraft:red_mushroom":5,"minecraft:ice":3,"minecraft:oak_log":18,"iceandfire:ectoplasm":3,"minecraft:gunpowder":2,"minecraft:yellow_bed":3,"livingthings:crab_shell":1,"minecraft:orange_terracotta":3,"minecraft:cooked_mutton":1,"blue_skies:soul_fragment":4,"minecraft:apple":1,"minecraft:stone_bricks":27,"minecraft:rabbit_hide":2,"minecraft:cobweb":6,"minecraft:cooked_chicken":4,"minecraft:iron_ore":54,"minecraft:iron_sword":1,"minecraft:book":12,"iceandfire:podium_birch":1,"minecraft:chiseled_stone_bricks":2,"minecraft:stone_brick_slab":6,"minecraft:dandelion":1,"mowziesmobs:barakoa_mask_bliss":1,"blue_skies:bluebright_log":1,"minecraft:spider_eye":2,"blue_skies:starlit_log":1,"iceandfire:desert_myrmex_cocoon":2,"minecraft:black_wool":1,"minecraft:coal":46,"minecraft:stripped_dark_oak_log":3},"minecraft:broken":{"minecraft:wooden_axe":1,"mowziesmobs:barakoa_mask_fury":1,"mowziesmobs:barakoa_mask_bliss":1,"minecraft:shield":1,"minecraft:leather_boots":1}},"DataVersion":2586}