{"stats":{"minecraft:killed":{"minecraft:spider":1,"minecraft:bat":1,"minecraft:sheep":4,"minecraft:zombie":6,"minecraft:chicken":12,"minecraft:cow":6},"minecraft:custom":{"minecraft:interact_with_furnace":3,"minecraft:mob_kills":32,"minecraft:interact_with_crafting_table":6,"minecraft:time_since_death":7077,"minecraft:time_since_rest":7101,"minecraft:sprint_one_cm":117769,"minecraft:damage_taken":3658,"minecraft:walk_one_cm":84769,"minecraft:drop":5,"minecraft:damage_dealt":4114,"minecraft:swim_one_cm":12159,"minecraft:fly_one_cm":118818,"minecraft:crouch_one_cm":4632,"minecraft:play_time":47162,"minecraft:deaths":12,"minecraft:sneak_time":2954,"minecraft:walk_under_water_one_cm":2581,"minecraft:jump":777,"minecraft:walk_on_water_one_cm":5761,"minecraft:total_world_time":47162,"minecraft:fall_one_cm":21209},"minecraft:used":{"minecraft:red_sand":2,"minecraft:stone_sword":89,"minecraft:stone_pickaxe":110,"minecraft:oak_planks":9,"minecraft:wooden_pickaxe":14,"minecraft:sandstone":5,"minecraft:sugar_cane":3,"minecraft:torch":2,"minecraft:sand":1,"minecraft:crafting_table":3,"minecraft:apple":1,"minecraft:melon_slice":12,"minecraft:stone_axe":29,"minecraft:cobblestone":20,"minecraft:furnace":1,"minecraft:egg":8,"minecraft:cooked_beef":3,"realistictorches:unlit_torch":3},"minecraft:picked_up":{"minecraft:crafting_table":1,"minecraft:cooked_beef":4,"minecraft:feather":27,"minecraft:jungle_log":15,"minecraft:chicken":33,"minecraft:water_bucket":1,"minecraft:andesite":57,"minecraft:leather":27,"minecraft:wooden_pickaxe":2,"minecraft:oak_log":66,"minecraft:dirt":1,"minecraft:string":1,"minecraft:apple":3,"minecraft:wheat_seeds":9,"minecraft:red_sand":4,"minecraft:beef":17,"minecraft:stone_pickaxe":2,"minecraft:light_gray_wool":6,"minecraft:melon_slice":77,"minecraft:sugar_cane":3,"minecraft:oak_planks":64,"minecraft:egg":15,"minecraft:stick":65,"minecraft:sandstone":11,"minecraft:torch":2,"minecraft:jungle_planks":8,"minecraft:sand":19,"minecraft:stone_sword":2,"minecraft:cactus":15,"minecraft:arrow":6,"minecraft:rotten_flesh":16,"minecraft:stone_axe":2,"realistictorches:unlit_torch":6,"minecraft:granite":24,"minecraft:terracotta":4,"minecraft:white_terracotta":2,"minecraft:oak_sapling":22,"minecraft:mutton":16,"minecraft:coal":59,"minecraft:white_wool":4,"minecraft:cobblestone":184},"minecraft:mined":{"minecraft:torch":1,"minecraft:granite":8,"minecraft:short_grass":16,"minecraft:red_sand":2,"minecraft:melon":3,"minecraft:jungle_log":6,"minecraft:dead_bush":26,"minecraft:oak_planks":1,"minecraft:sandstone":6,"minecraft:wall_torch":1,"realistictorches:torch":2,"minecraft:andesite":19,"minecraft:oak_log":30,"minecraft:coal_ore":22,"minecraft:vine":1,"minecraft:sand":1,"minecraft:stone":69,"minecraft:oak_leaves":10,"minecraft:fern":7},"minecraft:killed_by":{"minecraft:husk":2,"minecraft:skeleton":3,"minecraft:creeper":1,"minecraft:zombie":5},"minecraft:crafted":{"minecraft:cooked_beef":5,"minecraft:oak_planks":48,"minecraft:crafting_table":4,"minecraft:wooden_pickaxe":1,"minecraft:furnace":1,"minecraft:stone_axe":1,"minecraft:jungle_planks":12,"minecraft:stick":12,"minecraft:stone_pickaxe":1,"minecraft:stone_sword":1,"minecraft:torch":2},"minecraft:dropped":{"minecraft:stone_axe":1,"minecraft:chicken":11,"minecraft:stick":1,"minecraft:melon_slice":30}},"DataVersion":3700}