{"stats":{"minecraft:crafted":{"minecraft:oak_planks":52,"minecraft:cobblestone_slab":6,"minecraft:cut_sandstone_slab":6,"minecraft:cooked_chicken":8,"minecraft:furnace":1,"minecraft:stone_pickaxe":2,"minecraft:stone_hoe":1,"minecraft:cooked_beef":5,"minecraft:crafting_table":10,"minecraft:wooden_pickaxe":1,"minecraft:stone_axe":2,"minecraft:air":0,"minecraft:jungle_planks":16,"mcwwindows:cobblestone_arrow_slit":3,"minecraft:shield":2,"minecraft:stick":12,"minecraft:stone_sword":3,"minecraft:sandstone":1,"minecraft:torch":4},"minecraft:used":{"minecraft:stone_sword":372,"minecraft:red_sand":4,"minecraft:shield":5,"minecraft:cooked_chicken":8,"minecraft:stone_hoe":14,"minecraft:torch":4,"minecraft:dirt":2,"minecraft:golden_chestplate":1,"mcwwindows:cobblestone_arrow_slit":12,"minecraft:lava_bucket":11,"minecraft:hay_block":1,"minecraft:furnace":1,"minecraft:egg":9,"minecraft:cooked_beef":5,"minecraft:golden_boots":1,"minecraft:stone_pickaxe":239,"minecraft:oak_planks":9,"minecraft:wooden_pickaxe":14,"minecraft:sandstone":22,"minecraft:cut_sandstone":16,"minecraft:cobblestone_slab":4,"minecraft:sugar_cane":3,"minecraft:sand":14,"minecraft:cut_sandstone_slab":4,"minecraft:crafting_table":10,"minecraft:white_bed":3,"minecraft:oak_log":4,"minecraft:apple":5,"minecraft:bread":10,"minecraft:chicken":1,"minecraft:melon_slice":12,"minecraft:golden_leggings":1,"minecraft:stone_axe":87,"minecraft:cobblestone":20,"minecraft:sandstone_slab":1,"minecraft:bucket":11,"realistictorches:unlit_torch":4},"minecraft:killed_by":{"minecraft:husk":15,"minecraft:creeper":1,"minecraft:skeleton":4,"minecraft:zombie":5},"minecraft:broken":{"minecraft:stone_sword":2,"minecraft:stone_pickaxe":1},"minecraft:custom":{"minecraft:mob_kills":109,"minecraft:interact_with_crafting_table":20,"minecraft:bell_ring":4,"minecraft:leave_game":2,"minecraft:time_since_death":5681,"minecraft:climb_one_cm":1160,"minecraft:sprint_one_cm":274120,"minecraft:walk_one_cm":212847,"minecraft:damage_blocked_by_shield":135,"minecraft:drop":36,"minecraft:play_time":105389,"minecraft:deaths":26,"minecraft:sneak_time":9077,"minecraft:walk_under_water_one_cm":2997,"minecraft:jump":1427,"minecraft:walk_on_water_one_cm":7053,"minecraft:total_world_time":105389,"minecraft:interact_with_furnace":8,"minecraft:sleep_in_bed":2,"minecraft:time_since_rest":5715,"minecraft:damage_taken":8631,"minecraft:damage_dealt":16029,"minecraft:swim_one_cm":22889,"minecraft:fly_one_cm":233182,"minecraft:open_chest":16,"minecraft:crouch_one_cm":26946,"minecraft:fall_one_cm":35218},"minecraft:mined":{"minecraft:white_bed":1,"minecraft:granite":8,"minecraft:red_sand":3,"minecraft:grass_block":7,"minecraft:decorated_pot":5,"minecraft:jungle_log":41,"minecraft:sandstone":31,"minecraft:sandstone_stairs":5,"minecraft:spawner":1,"minecraft:hay_block":19,"realistictorches:torch":2,"minecraft:furnace":1,"minecraft:chiseled_sandstone":1,"minecraft:suspicious_sand":1,"minecraft:andesite":19,"minecraft:vine":8,"minecraft:iron_bars":2,"minecraft:stone":73,"minecraft:sandstone_slab":4,"minecraft:cut_sandstone":57,"mcwwindows:cobblestone_arrow_slit":9,"minecraft:torch":1,"minecraft:short_grass":46,"minecraft:melon":3,"minecraft:dead_bush":26,"minecraft:cobblestone":6,"minecraft:oak_planks":1,"minecraft:wall_torch":1,"minecraft:wheat":6,"minecraft:smooth_stone_slab":3,"minecraft:oak_log":30,"minecraft:coal_ore":22,"minecraft:gravel":1,"minecraft:sand":12,"minecraft:dirt":3,"minecraft:cobweb":4,"minecraft:stone_bricks":1,"minecraft:oak_leaves":10,"minecraft:fern":17},"minecraft:dropped":{"minecraft:bread":28,"minecraft:oak_log":9,"minecraft:diamond":2,"minecraft:sandstone_slab":1,"minecraft:cobblestone":21,"minecraft:stick":3,"minecraft:lava_bucket":1,"minecraft:melon_slice":30,"minecraft:cut_sandstone":5,"minecraft:jungle_sapling":1,"minecraft:sand":12,"minecraft:bucket":1,"minecraft:gravel":1,"minecraft:stone_axe":2,"minecraft:stone_sword":2,"minecraft:chicken":11,"minecraft:white_bed":1,"travelersbackpack:gold_tier_upgrade":2,"minecraft:potato":23,"minecraft:shield":1,"minecraft:gunpowder":1,"minecraft:dune_armor_trim_smithing_template":2,"minecraft:jungle_log":20,"minecraft:oak_sapling":7,"minecraft:bow":1,"minecraft:stone_pickaxe":1},"minecraft:picked_up":{"minecraft:cocoa_beans":3,"minecraft:charcoal":10,"minecraft:crafting_table":2,"minecraft:wheat":2,"minecraft:sandstone_slab":2,"minecraft:chicken":34,"minecraft:wooden_pickaxe":2,"minecraft:enchanted_book":3,"minecraft:string":38,"minecraft:flint_and_steel":1,"minecraft:smooth_stone_slab":21,"minecraft:red_sand":5,"bosses_of_mass_destruction:soul_star":3,"minecraft:bucket":8,"minecraft:beef":79,"minecraft:jungle_sapling":2,"minecraft:light_gray_wool":6,"minecraft:melon_slice":89,"minecraft:sugar_cane":3,"minecraft:egg":15,"minecraft:furnace":12,"minecraft:stick":147,"minecraft:sandstone":49,"minecraft:torch":2,"minecraft:carrot":5,"minecraft:golden_chestplate":5,"minecraft:arrow":140,"minecraft:stone_sword":14,"minecraft:cactus":15,"minecraft:rotten_flesh":150,"minecraft:decorated_pot":7,"minecraft:hay_block":125,"minecraft:sandstone_stairs":13,"minecraft:saddle":1,"minecraft:gold_ingot":24,"minecraft:white_terracotta":2,"minecraft:mutton":46,"minecraft:iron_bars":2,"minecraft:skeleton_skull":2,"minecraft:white_wool":6,"minecraft:cobblestone":299,"minecraft:dune_armor_trim_smithing_template":6,"minecraft:cooked_beef":4,"minecraft:feather":58,"minecraft:andesite":57,"minecraft:water_bucket":1,"minecraft:jungle_log":230,"minecraft:cut_sandstone":144,"minecraft:leather":109,"minecraft:golden_leggings":6,"minecraft:potato":46,"minecraft:oak_log":160,"minecraft:golden_boots":6,"minecraft:gunpowder":4,"minecraft:wither_skeleton_skull":3,"travelersbackpack:gold_tier_upgrade":4,"minecraft:cut_sandstone_slab":7,"minecraft:dirt":7,"minecraft:bone":185,"minecraft:apple":9,"minecraft:bow":5,"mcwwindows:cobblestone_arrow_slit":9,"minecraft:wheat_seeds":12,"minecraft:stone_pickaxe":13,"minecraft:stone_hoe":6,"minecraft:oak_planks":154,"minecraft:lava_bucket":1,"minecraft:gravel":1,"minecraft:jungle_planks":24,"minecraft:sand":132,"minecraft:white_bed":4,"minecraft:chiseled_sandstone":4,"minecraft:diamond":11,"minecraft:stone_axe":13,"realistictorches:unlit_torch":11,"minecraft:granite":24,"minecraft:bone_meal":1,"minecraft:emerald":20,"minecraft:bread":303,"minecraft:terracotta":4,"minecraft:oak_sapling":22,"minecraft:coal":139},"minecraft:killed":{"minecraft:spider":1,"minecraft:skeleton":11,"minecraft:chicken":13,"minecraft:husk":54,"minecraft:bat":1,"minecraft:sheep":4,"minecraft:zombie":6,"minecraft:cow":12}},"DataVersion":3700}