{"stats":{"minecraft:killed":{"minecraft:pig":1,"livingthings:raccoon":3,"minecraft:spider":5,"minecraft:sheep":2,"minecraft:skeleton":7,"minecraft:zombie":8,"minecraft:chicken":1,"livingthings:crab":1,"minecraft:drowned":1,"livingthings:shark":5,"minecraft:cow":1},"minecraft:picked_up":{"livingthings:crab":1,"minecraft:feather":2,"minecraft:repeater":1,"minecraft:redstone_block":1,"minecraft:chicken":1,"minecraft:leather":11,"minecraft:stone_brick_stairs":5,"gravestone:obituary":3,"minecraft:oak_log":6,"minecraft:cooked_mutton":1,"minecraft:dirt":25,"livingthings:crab_shell":1,"minecraft:string":8,"minecraft:leather_boots":1,"minecraft:sticky_piston":5,"minecraft:bone":9,"minecraft:apple":1,"minecraft:stone_bricks":21,"minecraft:cracked_stone_bricks":6,"minecraft:wheat_seeds":5,"dynamictrees:dark_oak_seed":2,"minecraft:beef":1,"minecraft:iron_ore":31,"minecraft:mossy_stone_bricks":11,"minecraft:iron_sword":1,"minecraft:oak_planks":10,"minecraft:furnace":3,"minecraft:dark_oak_sapling":5,"minecraft:stick":11,"minecraft:chiseled_stone_bricks":2,"minecraft:stone_brick_slab":6,"minecraft:torch":1,"minecraft:porkchop":3,"minecraft:sand":7,"minecraft:redstone":2,"minecraft:dark_oak_planks":3,"minecraft:dark_oak_log":245,"minecraft:arrow":8,"minecraft:rotten_flesh":26,"livingthings:shark_tooth":8,"minecraft:oak_sapling":2,"minecraft:black_wool":1,"minecraft:mutton":4,"minecraft:cod":3,"minecraft:coal":40,"minecraft:skeleton_skull":1,"minecraft:white_wool":1,"minecraft:cobblestone":89},"minecraft:mined":{"minecraft:piston_head":1,"minecraft:redstone_block":1,"minecraft:dark_oak_log":56,"minecraft:stone_brick_slab":5,"minecraft:torch":1,"gravestone:gravestone":12,"minecraft:grass_block":2,"minecraft:redstone_wire":1,"minecraft:tall_grass":2,"minecraft:cobblestone":1,"minecraft:chiseled_stone_bricks":2,"minecraft:skeleton_skull":1,"minecraft:repeater":1,"minecraft:furnace":3,"minecraft:iron_ore":26,"minecraft:sticky_piston":1,"minecraft:stone_brick_stairs":2,"minecraft:grass":31,"minecraft:coal_ore":40,"minecraft:oak_log":6,"minecraft:sand":7,"minecraft:dirt":4,"minecraft:cracked_stone_bricks":3,"minecraft:stone_bricks":16,"minecraft:stone":62,"minecraft:mossy_stone_bricks":4,"minecraft:oak_leaves":3},"minecraft:crafted":{"minecraft:oak_planks":20,"minecraft:dark_oak_boat":6,"minecraft:crafting_table":6,"minecraft:wooden_pickaxe":3,"minecraft:cooked_chicken":1,"minecraft:iron_sword":3,"minecraft:furnace":3,"minecraft:stone_axe":3,"minecraft:cooked_mutton":4,"minecraft:air":0,"minecraft:charcoal":1,"minecraft:shield":1,"minecraft:stick":40,"minecraft:iron_ingot":20,"minecraft:stone_pickaxe":3,"minecraft:wooden_axe":1,"minecraft:stone_sword":2,"minecraft:dark_oak_planks":164,"minecraft:torch":4},"minecraft:custom":{"minecraft:interact_with_furnace":21,"minecraft:mob_kills":35,"minecraft:interact_with_crafting_table":31,"minecraft:play_one_minute":103816,"minecraft:leave_game":5,"minecraft:time_since_death":11899,"minecraft:climb_one_cm":90,"minecraft:time_since_rest":11926,"minecraft:sprint_one_cm":164631,"minecraft:damage_taken":2147483647,"minecraft:walk_one_cm":154125,"minecraft:damage_blocked_by_shield":360,"minecraft:drop":28,"minecraft:damage_dealt":6324,"minecraft:damage_dealt_absorbed":120,"minecraft:swim_one_cm":33624,"minecraft:fly_one_cm":208612,"minecraft:open_chest":1,"minecraft:crouch_one_cm":3836,"minecraft:deaths":14,"minecraft:sneak_time":2451,"minecraft:walk_under_water_one_cm":20648,"minecraft:boat_one_cm":709499,"minecraft:jump":1057,"minecraft:walk_on_water_one_cm":10384,"minecraft:fall_one_cm":32177},"minecraft:killed_by":{"iceandfire:gorgon":1,"minecraft:player":7,"minecraft:creeper":1,"minecraft:zombie":2,"livingthings:shark":2},"minecraft:broken":{"minecraft:wooden_axe":1},"minecraft:dropped":{"minecraft:iron_sword":2,"minecraft:wheat_seeds":1,"minecraft:sticky_piston":1,"minecraft:oak_planks":10,"minecraft:stick":2,"minecraft:dark_oak_log":15,"gravestone:obituary":15,"minecraft:iron_ore":1,"minecraft:dark_oak_planks":57},"minecraft:used":{"minecraft:cooked_mutton":3,"minecraft:mossy_stone_bricks":3,"minecraft:stone_sword":102,"minecraft:stone_pickaxe":137,"minecraft:shield":2,"minecraft:wooden_pickaxe":36,"minecraft:iron_sword":22,"minecraft:cooked_chicken":1,"minecraft:torch":1,"minecraft:rotten_flesh":20,"minecraft:cracked_stone_bricks":1,"minecraft:sand":3,"minecraft:dirt":3,"minecraft:crafting_table":6,"minecraft:cod":3,"minecraft:sticky_piston":2,"minecraft:wooden_axe":3,"minecraft:apple":1,"minecraft:dark_oak_log":2,"minecraft:stone_bricks":8,"minecraft:stone_axe":33,"minecraft:beef":1,"minecraft:dark_oak_boat":6,"minecraft:furnace":4,"minecraft:porkchop":1}},"DataVersion":2586}