{"stats":{"minecraft:killed":{"minecraft:spider":1,"minecraft:bat":1,"minecraft:sheep":3,"minecraft:zombie":6,"minecraft:chicken":11,"minecraft:cow":6},"minecraft:custom":{"minecraft:interact_with_furnace":3,"minecraft:mob_kills":30,"minecraft:interact_with_crafting_table":6,"minecraft:time_since_death":1248,"minecraft:time_since_rest":1313,"minecraft:sprint_one_cm":73965,"minecraft:damage_taken":2549,"minecraft:walk_one_cm":65051,"minecraft:drop":1,"minecraft:damage_dealt":3645,"minecraft:swim_one_cm":6834,"minecraft:fly_one_cm":74995,"minecraft:crouch_one_cm":4208,"minecraft:play_time":35162,"minecraft:deaths":8,"minecraft:sneak_time":2680,"minecraft:walk_under_water_one_cm":1591,"minecraft:jump":486,"minecraft:walk_on_water_one_cm":3757,"minecraft:total_world_time":35162,"minecraft:fall_one_cm":16731},"minecraft:used":{"minecraft:red_sand":1,"minecraft:stone_sword":82,"minecraft:stone_pickaxe":110,"minecraft:wooden_pickaxe":14,"minecraft:sandstone":5,"minecraft:torch":1,"minecraft:crafting_table":3,"minecraft:stone_axe":29,"minecraft:furnace":1,"minecraft:cooked_beef":3},"minecraft:picked_up":{"minecraft:crafting_table":1,"minecraft:feather":9,"minecraft:jungle_log":9,"minecraft:chicken":11,"minecraft:water_bucket":1,"minecraft:andesite":19,"minecraft:leather":9,"minecraft:oak_log":30,"minecraft:string":1,"minecraft:apple":1,"minecraft:wheat_seeds":3,"minecraft:red_sand":3,"minecraft:beef":8,"minecraft:light_gray_wool":2,"minecraft:melon_slice":18,"minecraft:oak_planks":24,"minecraft:egg":3,"minecraft:stick":45,"minecraft:sandstone":9,"minecraft:sand":1,"minecraft:cactus":7,"minecraft:arrow":2,"minecraft:rotten_flesh":4,"realistictorches:unlit_torch":1,"minecraft:granite":8,"minecraft:terracotta":4,"minecraft:white_terracotta":2,"minecraft:oak_sapling":8,"minecraft:mutton":5,"minecraft:coal":21,"minecraft:white_wool":1,"minecraft:cobblestone":66},"minecraft:mined":{"minecraft:torch":1,"minecraft:granite":8,"minecraft:short_grass":16,"minecraft:red_sand":2,"minecraft:melon":3,"minecraft:jungle_log":6,"minecraft:dead_bush":21,"minecraft:sandstone":6,"minecraft:andesite":19,"minecraft:oak_log":30,"minecraft:coal_ore":22,"minecraft:vine":1,"minecraft:stone":69,"minecraft:oak_leaves":10,"minecraft:fern":7},"minecraft:killed_by":{"minecraft:husk":2,"minecraft:skeleton":2,"minecraft:creeper":1,"minecraft:zombie":2},"minecraft:crafted":{"minecraft:cooked_beef":5,"minecraft:oak_planks":48,"minecraft:crafting_table":4,"minecraft:wooden_pickaxe":1,"minecraft:furnace":1,"minecraft:stone_axe":1,"minecraft:jungle_planks":12,"minecraft:stick":12,"minecraft:stone_pickaxe":1,"minecraft:stone_sword":1,"minecraft:torch":2},"minecraft:dropped":{"minecraft:stick":1}},"DataVersion":3700}