{"stats":{"minecraft:custom":{"minecraft:interact_with_crafting_table":131,"minecraft:open_barrel":52,"minecraft:leave_game":32,"minecraft:time_since_death":82722,"minecraft:damage_resisted":18,"minecraft:sprint_one_cm":1169648,"minecraft:damage_blocked_by_shield":4135,"minecraft:drop":199,"minecraft:talked_to_villager":10,"minecraft:deaths":60,"minecraft:jump":7845,"minecraft:walk_on_water_one_cm":71732,"minecraft:interact_with_furnace":87,"minecraft:traded_with_villager":4,"minecraft:play_one_minute":688135,"minecraft:sleep_in_bed":24,"minecraft:damage_dealt":57373,"minecraft:player_kills":3,"minecraft:crouch_one_cm":120635,"minecraft:interact_with_smoker":3,"minecraft:mob_kills":361,"minecraft:climb_one_cm":32137,"minecraft:walk_one_cm":1052536,"minecraft:damage_dealt_absorbed":200,"minecraft:sneak_time":44007,"minecraft:walk_under_water_one_cm":71208,"minecraft:boat_one_cm":1838760,"minecraft:tune_noteblock":7,"minecraft:time_since_rest":60942,"minecraft:damage_taken":2147483647,"minecraft:swim_one_cm":113305,"minecraft:fly_one_cm":2169435,"minecraft:open_chest":194,"minecraft:fall_one_cm":369455},"minecraft:killed_by":{"minecraft:zombie_villager":1,"minecraft:piglin_brute":2,"iceandfire:cyclops":3,"minecraft:creeper":2,"livingthings:lion":1,"iceandfire:sea_serpent":7,"minecraft:vindicator":1,"minecraft:piglin":1,"minecraft:zombie":5,"livingthings:elephant":2,"iceandfire:myrmex_soldier":1,"mowziesmobs:barakoan_barakoana":1,"mowziesmobs:barakoana":1,"iceandfire:fire_dragon":2,"minecraft:player":18,"iceandfire:gorgon":1,"livingthings:shark":4,"iceandfire:cockatrice":3,"iceandfire:myrmex_sentinel":3},"minecraft:mined":{"minecraft:dark_oak_planks":8,"minecraft:spruce_planks":2,"minecraft:stone_pressure_plate":1,"minecraft:white_bed":3,"iceandfire:myrmex_resin_desert":1,"minecraft:obsidian":1,"minecraft:granite":53,"minecraft:stripped_crimson_hyphae":2,"minecraft:grass_block":44,"minecraft:cracked_polished_blackstone_bricks":1,"minecraft:chiseled_stone_bricks":2,"minecraft:gilded_blackstone":1,"minecraft:spawner":6,"comforts:sleeping_bag_white":5,"minecraft:tall_seagrass":1,"minecraft:polished_blackstone_bricks":3,"minecraft:glowstone":12,"minecraft:iron_ore":175,"minecraft:sticky_piston":1,"minecraft:fire":90,"iceandfire:gold_pile":41,"dynamictrees:crimson_wart":3,"minecraft:piston_head":1,"minecraft:cut_sandstone":2,"minecraft:blackstone":40,"minecraft:kelp_plant":3,"minecraft:crimson_nylium":24,"minecraft:orange_terracotta":2,"blue_skies:maple_trapdoor":1,"minecraft:torch":7,"iceandfire:ghost_chest":3,"minecraft:chest":13,"minecraft:dead_bush":1,"minecraft:mushroom_stem":1,"minecraft:cobblestone":10,"minecraft:sugar_cane":3,"dynamictrees:crimson_sapling":4,"minecraft:wall_torch":9,"minecraft:skeleton_skull":1,"minecraft:repeater":1,"minecraft:nether_wart_block":5,"minecraft:wheat":25,"minecraft:lilac":1,"minecraft:tnt":32,"iceandfire:podium_birch":1,"minecraft:stone_brick_stairs":2,"minecraft:wither_rose":1,"minecraft:grass":171,"minecraft:oak_log":8,"blue_skies:brittlebush":1,"minecraft:sand":37,"minecraft:dirt":34,"minecraft:netherrack":958,"minecraft:oak_leaves":3,"minecraft:nether_gold_ore":3,"minecraft:diamond_ore":6,"iceandfire:silver_ore":15,"minecraft:dark_oak_log":74,"minecraft:nether_bricks":85,"gravestone:gravestone":52,"minecraft:crimson_roots":12,"minecraft:redstone_wire":1,"minecraft:red_mushroom":1,"minecraft:sandstone":29,"iceandfire:myrmex_desert_biolight":5,"minecraft:crimson_stem":2,"minecraft:hay_block":48,"minecraft:redstone_ore":11,"minecraft:furnace":6,"iceandfire:copper_ore":5,"minecraft:chiseled_sandstone":1,"minecraft:andesite":29,"minecraft:nether_brick_fence":3,"minecraft:bookshelf":8,"minecraft:shroomlight":2,"minecraft:vine":2,"minecraft:stone":503,"minecraft:bone_block":132,"minecraft:redstone_block":1,"blue_skies:turquoise_grass":13,"minecraft:stripped_dark_oak_log":3,"blue_skies:starlit_log":1,"minecraft:dandelion":1,"minecraft:stone_brick_slab":5,"minecraft:crafting_table":6,"minecraft:tall_grass":22,"minecraft:lapis_ore":5,"minecraft:diorite":13,"minecraft:light_blue_bed":2,"iceandfire:desert_myrmex_cocoon":2,"minecraft:yellow_bed":2,"minecraft:coal_ore":272,"blue_skies:bluebright_log":1,"minecraft:gravel":2,"minecraft:cobweb":6,"minecraft:cracked_stone_bricks":5,"minecraft:polished_andesite":19,"minecraft:stone_bricks":19,"minecraft:mossy_stone_bricks":4,"minecraft:gold_ore":34,"minecraft:fern":1},"minecraft:crafted":{"minecraft:oak_planks":76,"minecraft:dark_oak_boat":14,"minecraft:cooked_chicken":2,"sophisticatedbackpacks:crafting_upgrade":1,"cwsr:wind_boom":1,"minecraft:cooked_mutton":36,"aquaculture:fish_fillet_raw":49,"sophisticatedbackpacks:smelting_upgrade":2,"minecraft:hopper":6,"minecraft:iron_boots":2,"minecraft:chest":12,"livingthings:cooked_elephant":2,"minecraft:stone_hoe":1,"minecraft:respawn_anchor":1,"blue_skies:blue_journal":2,"minecraft:crafting_table":17,"minecraft:wooden_pickaxe":4,"minecraft:iron_helmet":2,"minecraft:golden_pickaxe":1,"sophisticatedbackpacks:upgrade_base":4,"livingthings:cooked_crab":1,"minecraft:iron_chestplate":3,"minecraft:charcoal":1,"minecraft:shield":3,"sophisticatedbackpacks:auto_smelting_upgrade":2,"sophisticatedbackpacks:diamond_backpack":1,"minecraft:stick":60,"minecraft:iron_ingot":33,"minecraft:iron_pickaxe":5,"minecraft:stone_sword":2,"minecraft:gold_ingot":51,"comforts:sleeping_bag_white":1,"minecraft:furnace":8,"blue_skies:zeal_lighter":2,"blue_skies:cooked_carabeef":12,"minecraft:iron_axe":1,"minecraft:stone_pickaxe":4,"aquaculture:gold_fillet_knife":2,"aquaculture:fish_fillet_cooked":32,"minecraft:dark_oak_planks":364,"minecraft:golden_helmet":2,"cwsr:sword_handle":1,"minecraft:wheat":396,"minecraft:crimson_planks":40,"livingthings:cooked_lion":1,"minecraft:brown_mushroom":10,"minecraft:iron_sword":3,"sophisticatedbackpacks:gold_backpack":1,"minecraft:bucket":2,"minecraft:stone_axe":3,"minecraft:bread":134,"minecraft:air":0,"minecraft:oak_boat":1,"minecraft:wooden_axe":1,"minecraft:iron_leggings":2,"minecraft:white_bed":2,"minecraft:acacia_planks":8,"minecraft:torch":28},"minecraft:broken":{"minecraft:golden_helmet":1,"minecraft:iron_boots":2,"minecraft:iron_leggings":2,"minecraft:stone_pickaxe":1,"minecraft:wooden_axe":1,"mowziesmobs:barakoa_mask_fury":1,"mowziesmobs:barakoa_mask_bliss":1,"minecraft:shield":1,"minecraft:leather_boots":1,"minecraft:iron_pickaxe":3,"minecraft:iron_helmet":2,"minecraft:golden_pickaxe":1},"minecraft:used":{"iceandfire:tide_trident":1,"minecraft:nether_brick_fence":2,"minecraft:chest":8,"minecraft:shield":93,"minecraft:iron_sword":280,"minecraft:bell":1,"minecraft:rotten_flesh":24,"minecraft:mutton":2,"minecraft:nether_bricks":65,"minecraft:obsidian":11,"minecraft:lava_bucket":10,"iceandfire:ghost_chest":2,"blue_skies:cooked_municipal_monkfish":1,"minecraft:light_blue_bed":2,"minecraft:stone_bricks":8,"livingthings:cooked_lion":1,"minecraft:bow":20,"minecraft:dark_oak_boat":15,"minecraft:cooked_cod":1,"minecraft:oak_sapling":1,"minecraft:furnace":10,"minecraft:egg":1,"aquaculture:fish_fillet_cooked":32,"minecraft:diorite":10,"minecraft:mossy_stone_bricks":3,"minecraft:stone_pickaxe":358,"minecraft:oak_planks":7,"minecraft:wooden_pickaxe":36,"minecraft:sandstone":10,"minecraft:respawn_anchor":1,"minecraft:dark_oak_trapdoor":1,"cwsr:wind_boom":152,"minecraft:sand":5,"minecraft:sticky_piston":2,"minecraft:dark_oak_log":8,"minecraft:bread":198,"livingthings:lion":2,"minecraft:gravel":4,"minecraft:diamond_sword":659,"minecraft:andesite":13,"minecraft:oak_boat":1,"minecraft:golden_pickaxe":32,"minecraft:cobweb":6,"iceandfire:desert_myrmex_cocoon":1,"minecraft:stone_sword":102,"minecraft:spruce_planks":5,"minecraft:cooked_chicken":2,"minecraft:stone_hoe":11,"minecraft:netherrack":778,"minecraft:torch":20,"minecraft:dirt":87,"minecraft:granite":37,"iceandfire:myrmex_resin_desert":1,"blue_skies:zeal_lighter":97,"minecraft:iron_hoe":34,"minecraft:dark_oak_planks":79,"minecraft:wooden_axe":3,"minecraft:iron_axe":54,"minecraft:crimson_planks":3,"minecraft:glowstone":2,"minecraft:beef":1,"comforts:sleeping_bag_white":19,"minecraft:cooked_mutton":10,"minecraft:water_bucket":44,"farmersdelight:golden_knife":1,"minecraft:cracked_stone_bricks":1,"minecraft:polished_blackstone_bricks":3,"minecraft:crafting_table":23,"minecraft:white_bed":6,"minecraft:cod":3,"minecraft:diamond_pickaxe":980,"minecraft:apple":1,"minecraft:iron_pickaxe":1150,"minecraft:stone_axe":46,"blue_skies:cooked_horizofin_tunid":1,"minecraft:cobblestone":57,"minecraft:potion":1,"minecraft:porkchop":2,"minecraft:bucket":54,"minecraft:yellow_bed":2,"livingthings:cooked_elephant":1},"minecraft:killed":{"blue_skies:armored_frost_spirit":4,"mowziesmobs:barakoan_barakoana":3,"iceandfire:hippogryph":1,"blue_skies:frost_spirit":3,"minecraft:witch":2,"minecraft:zombified_piglin":13,"minecraft:spider":12,"blue_skies:azulfo":4,"minecraft:skeleton":41,"livingthings:lion":2,"blue_skies:diophyde_prowler":2,"minecraft:chicken":2,"livingthings:shark":5,"minecraft:piglin_brute":21,"iceandfire:myrmex_worker":5,"minecraft:piglin":35,"minecraft:pig":1,"minecraft:zombie_villager":4,"minecraft:creeper":8,"iceandfire:cockatrice":1,"minecraft:sheep":13,"minecraft:trader_llama":3,"minecraft:pillager":19,"minecraft:zombie":63,"minecraft:ghast":1,"iceandfire:sea_serpent":4,"minecraft:cow":1,"minecraft:vindicator":9,"livingthings:raccoon":6,"livingthings:nether_knight":1,"blue_skies:gatekeeper":1,"livingthings:crab":1,"minecraft:drowned":2,"iceandfire:deathworm":1,"blue_skies:polargeist":1,"iceandfire:myrmex_sentinel":1,"minecraft:husk":6,"iceandfire:cyclops":1,"minecraft:bat":2,"minecraft:wandering_trader":1,"minecraft:hoglin":38,"iceandfire:myrmex_soldier":2,"iceandfire:ghost":1,"minecraft:villager":1,"livingthings:elephant":2,"minecraft:enderman":3},"minecraft:picked_up":{"livingthings:crab":1,"minecraft:iron_chestplate":2,"minecraft:wheat":60,"minecraft:redstone_block":1,"minecraft:nether_brick_fence":3,"iceandfire:copper_ore":5,"minecraft:lead":2,"minecraft:diamond_sword":1,"minecraft:oak_stairs":2,"minecraft:wither_rose":1,"minecraft:gilded_blackstone":1,"minecraft:nether_brick":8,"minecraft:stone_brick_stairs":5,"minecraft:crimson_planks":30,"iceandfire:manuscript":12,"iceandfire:myrmex_desert_biolight":5,"minecraft:string":42,"minecraft:dark_oak_trapdoor":2,"iceandfire:sea_serpent_scales_teal":10,"minecraft:sticky_piston":5,"minecraft:shroomlight":4,"iceandfire:sea_serpent_scales_bronze":18,"cwsr:ender_essence":1,"dynamictrees:dark_oak_seed":2,"minecraft:gold_nugget":464,"minecraft:smooth_stone":3,"comforts:sleeping_bag_white":19,"minecraft:spruce_planks":8,"dynamictrees:oak_seed":3,"minecraft:iron_pickaxe":1,"minecraft:furnace":6,"minecraft:stick":43,"blue_skies:azulfo_horn":1,"iceandfire:ghost_chest":3,"minecraft:torch":16,"minecraft:acacia_log":2,"iceandfire:silver_ore":15,"minecraft:porkchop":3,"minecraft:diorite":14,"nethers_delight:hoglin_sirloin":10,"minecraft:rotten_flesh":92,"livingthings:shark_tooth":8,"iceandfire:deathworm_chitin_yellow":4,"iceandfire:myrmex_desert_chitin":5,"mowziesmobs:barakoa_mask_misery":1,"minecraft:obsidian":4,"minecraft:cod":3,"minecraft:cobblestone":561,"minecraft:feather":18,"minecraft:lilac":1,"minecraft:repeater":1,"minecraft:andesite":31,"cwsr:dark_essence":1,"minecraft:dark_oak_boat":1,"mowziesmobs:barakoa_mask_fury":1,"minecraft:lapis_lazuli":33,"minecraft:dirt":178,"cwsr:beast_essence":1,"minecraft:leather_boots":1,"minecraft:bone":59,"minecraft:bow":4,"minecraft:wheat_seeds":260,"minecraft:netherite_axe":1,"minecraft:mossy_stone_bricks":11,"minecraft:glowstone_dust":33,"blue_skies:maple_trapdoor":1,"minecraft:oak_planks":14,"nethers_delight:propelplant_cane":6,"iceandfire:dragon_skull_fire":1,"minecraft:sand":36,"sophisticatedbackpacks:iron_backpack":1,"minecraft:dead_bush":2,"minecraft:dark_oak_log":295,"minecraft:chiseled_sandstone":1,"minecraft:spectral_arrow":12,"iceandfire:myrmex_stinger":4,"minecraft:polished_andesite":19,"minecraft:blue_terracotta":1,"minecraft:sugar":2,"minecraft:diamond":9,"minecraft:granite":48,"iceandfire:myrmex_desert_egg":2,"minecraft:emerald":4,"minecraft:bread":64,"livingthings:elephant":2,"iceandfire:tide_trident":1,"minecraft:oak_sapling":3,"minecraft:netherrack":812,"minecraft:crimson_roots":12,"livingthings:lion":5,"minecraft:crafting_table":8,"cwsr:thunder_essence":1,"minecraft:chicken":4,"minecraft:purple_wool":1,"iceandfire:witherbone":2,"blue_skies:star_flare":2,"minecraft:ladder":4,"minecraft:brown_mushroom":2,"minecraft:packed_ice":4,"minecraft:diamond_horse_armor":1,"minecraft:chain":6,"gravestone:obituary":13,"iceandfire:sea_serpent_scales_blue":28,"cwsr:wind_boom":1,"minecraft:blackstone":55,"minecraft:blue_orchid":2,"iceandfire:graveyard_soil":2,"minecraft:cracked_stone_bricks":8,"minecraft:netherite_sword":1,"minecraft:beef":1,"minecraft:spruce_slab":1,"minecraft:sugar_cane":5,"minecraft:chest":13,"minecraft:egg":2,"minecraft:dark_oak_sapling":5,"minecraft:sandstone":37,"iceandfire:dragonbone":19,"minecraft:stone":3,"minecraft:oak_door":1,"sophisticatedbackpacks:crafting_upgrade":1,"minecraft:spruce_fence":3,"sophisticatedbackpacks:backpack":2,"minecraft:fire_charge":1,"minecraft:polished_blackstone_bricks":3,"iceandfire:myrmex_resin_desert":1,"blue_skies:carabeef":12,"iceandfire:deathworm_chitin_white":4,"minecraft:carrot":1,"minecraft:redstone":48,"minecraft:light_blue_bed":2,"minecraft:iron_horse_armor":1,"minecraft:stone_pressure_plate":1,"minecraft:dark_oak_planks":51,"minecraft:tnt":32,"minecraft:arrow":39,"minecraft:weeping_vines":1,"iceandfire:cyclops_eye":2,"minecraft:nether_bricks":66,"dynamictrees:crimson_seed":6,"minecraft:hay_block":44,"minecraft:gold_ingot":6,"minecraft:mutton":31,"minecraft:bone_block":130,"livingthings:cooked_lion":1,"minecraft:skeleton_skull":1,"minecraft:white_wool":26,"iceandfire:sea_serpent_fang":5,"minecraft:crimson_stem":10,"minecraft:leather":49,"minecraft:cut_sandstone":5,"minecraft:red_mushroom":6,"nethers_delight:soul_compost":2,"minecraft:ice":3,"minecraft:oak_log":20,"iceandfire:ectoplasm":3,"minecraft:yellow_bed":3,"minecraft:nether_wart_block":5,"minecraft:gunpowder":5,"livingthings:crab_shell":1,"minecraft:orange_terracotta":3,"minecraft:cooked_mutton":1,"blue_skies:soul_fragment":4,"minecraft:apple":1,"minecraft:stone_bricks":27,"minecraft:kelp":3,"minecraft:rabbit_hide":2,"minecraft:iron_ingot":5,"minecraft:iron_ore":180,"dynamictrees:birch_seed":2,"minecraft:cooked_chicken":4,"minecraft:cobweb":6,"sophisticatedbackpacks:smelting_upgrade":1,"minecraft:iron_sword":1,"minecraft:book":13,"iceandfire:podium_birch":1,"minecraft:chiseled_stone_bricks":2,"minecraft:stone_brick_slab":6,"minecraft:quartz":8,"minecraft:dandelion":1,"minecraft:gravel":4,"mowziesmobs:barakoa_mask_bliss":1,"blue_skies:bluebright_log":1,"minecraft:white_bed":4,"minecraft:gold_ore":33,"minecraft:crying_obsidian":5,"minecraft:spider_eye":4,"blue_skies:starlit_log":1,"nethers_delight:hoglin_loin":28,"iceandfire:desert_myrmex_cocoon":2,"minecraft:black_wool":1,"minecraft:stripped_dark_oak_log":3,"minecraft:coal":271,"minecraft:ender_pearl":1},"minecraft:dropped":{"minecraft:iron_sword":4,"minecraft:glass_bottle":1,"sophisticatedbackpacks:auto_smelting_upgrade":1,"minecraft:weeping_vines":1,"iceandfire:tide_trident":1,"cwsr:ender_essence":1,"minecraft:dirt":18,"blue_skies:blue_journal":1,"minecraft:dark_oak_log":15,"cwsr:wind_boom":1,"mowziesmobs:barakoa_mask_misery":1,"minecraft:dark_oak_trapdoor":1,"minecraft:crimson_roots":9,"minecraft:cut_sandstone":2,"minecraft:chain":4,"gravestone:obituary":36,"minecraft:gold_nugget":1,"minecraft:bone_block":2,"cwsr:beast_essence":1,"minecraft:iron_pickaxe":1,"minecraft:dark_oak_planks":73,"minecraft:white_wool":10,"livingthings:cooked_elephant":1,"minecraft:gold_ingot":16,"minecraft:sugar_cane":5,"minecraft:nether_brick":8,"minecraft:netherite_sword":1,"minecraft:oak_planks":12,"minecraft:cooked_mutton":1,"minecraft:nether_brick_fence":1,"sophisticatedbackpacks:smelting_upgrade":1,"cwsr:thunder_essence":1,"minecraft:iron_ore":2,"iceandfire:sea_serpent_scales_blue":1,"minecraft:quartz":8,"minecraft:netherrack":2,"minecraft:bread":26,"minecraft:wheat_seeds":88,"minecraft:lilac":1,"minecraft:iron_helmet":1,"minecraft:feather":5,"minecraft:cobblestone":7,"minecraft:book":2,"cwsr:dark_essence":1,"minecraft:granite":11,"iceandfire:cyclops_eye":1,"blue_skies:zeal_lighter":1,"minecraft:stick":13,"minecraft:diamond_horse_armor":1,"minecraft:diorite":4,"minecraft:nether_wart_block":5,"minecraft:potion":1,"minecraft:smooth_stone":5,"sophisticatedbackpacks:crafting_upgrade":1,"minecraft:string":6,"iceandfire:dragon_skull_fire":1,"iceandfire:dragonbone":19,"dynamictrees:crimson_seed":6,"minecraft:sticky_piston":1,"iceandfire:witherbone":1,"minecraft:chicken":1,"minecraft:iron_boots":2,"sophisticatedbackpacks:backpack":1,"minecraft:diamond_sword":1,"minecraft:shroomlight":4,"minecraft:stone":4,"minecraft:shield":1,"minecraft:orange_terracotta":3,"minecraft:iron_chestplate":6,"minecraft:andesite":18,"minecraft:yellow_bed":1,"minecraft:stone_pressure_plate":1,"minecraft:spider_eye":1,"minecraft:stone_bricks":4,"minecraft:wooden_pickaxe":1,"iceandfire:sea_serpent_fang":1,"nethers_delight:propelplant_cane":6}},"DataVersion":2586}