{"stats":{"minecraft:killed":{"minecraft:pig":1,"livingthings:raccoon":3,"minecraft:spider":5,"minecraft:sheep":5,"minecraft:skeleton":7,"minecraft:trader_llama":1,"minecraft:zombie":10,"minecraft:chicken":1,"livingthings:crab":1,"minecraft:drowned":1,"livingthings:shark":5,"minecraft:cow":1},"minecraft:picked_up":{"livingthings:crab":1,"minecraft:feather":3,"minecraft:chicken":2,"minecraft:redstone_block":1,"minecraft:repeater":1,"minecraft:leather":12,"minecraft:stone_brick_stairs":5,"minecraft:oak_log":6,"gravestone:obituary":4,"livingthings:crab_shell":1,"minecraft:string":8,"minecraft:dirt":52,"minecraft:cooked_mutton":1,"minecraft:leather_boots":1,"minecraft:sticky_piston":5,"minecraft:bone":9,"minecraft:apple":1,"minecraft:stone_bricks":21,"minecraft:cracked_stone_bricks":6,"minecraft:wheat_seeds":6,"dynamictrees:dark_oak_seed":2,"comforts:sleeping_bag_white":2,"minecraft:beef":1,"minecraft:iron_ore":31,"minecraft:mossy_stone_bricks":11,"minecraft:iron_sword":1,"minecraft:oak_planks":10,"minecraft:furnace":3,"minecraft:egg":1,"minecraft:dark_oak_sapling":5,"minecraft:stick":11,"minecraft:chiseled_stone_bricks":2,"minecraft:stone_brick_slab":6,"minecraft:torch":1,"minecraft:porkchop":3,"minecraft:sand":7,"minecraft:redstone":2,"minecraft:dark_oak_log":257,"minecraft:dark_oak_planks":7,"minecraft:arrow":8,"minecraft:rotten_flesh":30,"livingthings:shark_tooth":8,"minecraft:oak_sapling":2,"minecraft:black_wool":1,"livingthings:cooked_lion":1,"minecraft:mutton":10,"minecraft:coal":40,"minecraft:cod":3,"minecraft:skeleton_skull":1,"minecraft:white_wool":4,"minecraft:cobblestone":90},"minecraft:mined":{"minecraft:piston_head":1,"minecraft:redstone_block":1,"minecraft:dark_oak_log":68,"minecraft:stone_brick_slab":5,"minecraft:torch":1,"gravestone:gravestone":16,"minecraft:grass_block":15,"minecraft:redstone_wire":1,"minecraft:tall_grass":4,"minecraft:cobblestone":1,"minecraft:chiseled_stone_bricks":2,"minecraft:skeleton_skull":1,"comforts:sleeping_bag_white":1,"minecraft:tall_seagrass":1,"minecraft:repeater":1,"minecraft:furnace":3,"minecraft:iron_ore":26,"minecraft:sticky_piston":1,"minecraft:stone_brick_stairs":2,"minecraft:grass":42,"minecraft:coal_ore":40,"minecraft:oak_log":6,"minecraft:sand":7,"minecraft:dirt":18,"minecraft:cracked_stone_bricks":3,"minecraft:stone":62,"minecraft:stone_bricks":16,"minecraft:mossy_stone_bricks":4,"minecraft:oak_leaves":3},"minecraft:crafted":{"minecraft:oak_planks":20,"livingthings:cooked_lion":1,"minecraft:dark_oak_boat":12,"minecraft:crafting_table":9,"comforts:sleeping_bag_white":1,"minecraft:cooked_chicken":2,"minecraft:wooden_pickaxe":3,"minecraft:iron_sword":3,"minecraft:furnace":3,"minecraft:stone_axe":3,"minecraft:cooked_mutton":4,"minecraft:air":0,"livingthings:cooked_crab":1,"minecraft:charcoal":1,"minecraft:shield":2,"minecraft:stick":40,"minecraft:iron_ingot":20,"minecraft:stone_pickaxe":3,"minecraft:wooden_axe":1,"minecraft:stone_sword":2,"minecraft:dark_oak_planks":212,"minecraft:torch":4},"minecraft:custom":{"minecraft:interact_with_furnace":28,"minecraft:mob_kills":41,"minecraft:interact_with_crafting_table":49,"minecraft:play_one_minute":139568,"minecraft:leave_game":6,"minecraft:time_since_death":1772,"minecraft:sleep_in_bed":1,"minecraft:climb_one_cm":98,"minecraft:time_since_rest":1798,"minecraft:sprint_one_cm":215601,"minecraft:damage_taken":2147483647,"minecraft:walk_one_cm":188958,"minecraft:damage_blocked_by_shield":410,"minecraft:drop":33,"minecraft:damage_dealt":7688,"minecraft:damage_dealt_absorbed":120,"minecraft:swim_one_cm":36100,"minecraft:fly_one_cm":295062,"minecraft:open_chest":1,"minecraft:crouch_one_cm":7144,"minecraft:deaths":21,"minecraft:sneak_time":4087,"minecraft:walk_under_water_one_cm":25976,"minecraft:boat_one_cm":1207089,"minecraft:jump":1424,"minecraft:walk_on_water_one_cm":11800,"minecraft:fall_one_cm":45950},"minecraft:killed_by":{"iceandfire:gorgon":1,"minecraft:player":7,"minecraft:creeper":1,"minecraft:zombie":4,"livingthings:elephant":2,"livingthings:shark":4,"livingthings:lion":1},"minecraft:broken":{"minecraft:leather_boots":1,"minecraft:wooden_axe":1},"minecraft:dropped":{"minecraft:iron_sword":2,"minecraft:wheat_seeds":1,"minecraft:sticky_piston":1,"minecraft:oak_planks":10,"minecraft:stick":2,"minecraft:dark_oak_log":15,"minecraft:shield":1,"gravestone:obituary":19,"minecraft:iron_ore":1,"minecraft:dark_oak_planks":57},"minecraft:used":{"minecraft:cooked_mutton":4,"minecraft:mossy_stone_bricks":3,"minecraft:stone_sword":102,"minecraft:stone_pickaxe":137,"minecraft:wooden_pickaxe":36,"minecraft:shield":3,"minecraft:iron_sword":46,"minecraft:cooked_chicken":2,"minecraft:cracked_stone_bricks":1,"minecraft:torch":1,"minecraft:rotten_flesh":24,"minecraft:sand":3,"minecraft:dirt":19,"minecraft:crafting_table":8,"minecraft:cod":3,"minecraft:sticky_piston":2,"minecraft:wooden_axe":3,"minecraft:apple":1,"minecraft:dark_oak_log":2,"minecraft:stone_bricks":8,"minecraft:stone_axe":33,"minecraft:cobblestone":7,"minecraft:beef":1,"minecraft:dark_oak_boat":12,"minecraft:oak_sapling":1,"minecraft:furnace":5,"minecraft:porkchop":2,"minecraft:egg":1,"comforts:sleeping_bag_white":2}},"DataVersion":2586}