{"stats":{"minecraft:killed":{"mowziesmobs:barakoan_barakoana":3,"minecraft:witch":2,"minecraft:spider":6,"minecraft:vindicator":6,"livingthings:raccoon":3,"minecraft:skeleton":17,"livingthings:lion":2,"minecraft:chicken":1,"livingthings:crab":1,"minecraft:drowned":1,"livingthings:shark":5,"iceandfire:myrmex_sentinel":1,"iceandfire:myrmex_worker":2,"minecraft:husk":4,"minecraft:pig":1,"minecraft:zombie_villager":2,"minecraft:wandering_trader":1,"iceandfire:cockatrice":1,"minecraft:sheep":12,"minecraft:pillager":18,"minecraft:trader_llama":3,"minecraft:zombie":21,"iceandfire:myrmex_soldier":2,"minecraft:villager":1,"iceandfire:sea_serpent":1,"livingthings:elephant":2,"minecraft:enderman":1,"minecraft:cow":1},"minecraft:picked_up":{"livingthings:crab":1,"livingthings:lion":5,"minecraft:purple_wool":1,"minecraft:crafting_table":1,"minecraft:wheat":60,"minecraft:ladder":3,"iceandfire:witherbone":2,"minecraft:redstone_block":1,"minecraft:chicken":2,"minecraft:lead":2,"minecraft:stone_brick_stairs":5,"gravestone:obituary":9,"iceandfire:myrmex_desert_biolight":3,"iceandfire:sea_serpent_scales_blue":17,"minecraft:string":8,"minecraft:dark_oak_trapdoor":2,"minecraft:sticky_piston":5,"minecraft:cracked_stone_bricks":8,"dynamictrees:dark_oak_seed":2,"minecraft:smooth_stone":2,"comforts:sleeping_bag_white":7,"minecraft:spruce_planks":2,"minecraft:beef":1,"minecraft:chest":1,"minecraft:furnace":4,"minecraft:egg":2,"minecraft:dark_oak_sapling":5,"minecraft:stick":13,"minecraft:sandstone":26,"iceandfire:dragonbone":1,"minecraft:stone":1,"minecraft:torch":2,"minecraft:porkchop":3,"iceandfire:myrmex_resin_desert":1,"minecraft:redstone":4,"minecraft:light_blue_bed":2,"minecraft:stone_pressure_plate":1,"minecraft:dark_oak_planks":15,"minecraft:tnt":32,"minecraft:arrow":17,"minecraft:rotten_flesh":45,"livingthings:shark_tooth":8,"minecraft:hay_block":43,"iceandfire:myrmex_desert_chitin":5,"minecraft:bone_block":33,"mowziesmobs:barakoa_mask_misery":1,"minecraft:mutton":19,"livingthings:cooked_lion":1,"minecraft:cod":3,"minecraft:skeleton_skull":1,"minecraft:white_wool":11,"minecraft:cobblestone":110,"iceandfire:sea_serpent_fang":3,"minecraft:feather":6,"minecraft:repeater":1,"minecraft:andesite":8,"minecraft:cut_sandstone":5,"minecraft:leather":20,"mowziesmobs:barakoa_mask_fury":1,"minecraft:red_mushroom":2,"minecraft:oak_log":6,"livingthings:crab_shell":1,"minecraft:dirt":130,"minecraft:orange_terracotta":2,"minecraft:leather_boots":1,"minecraft:cooked_mutton":1,"minecraft:bone":18,"minecraft:apple":1,"minecraft:stone_bricks":24,"minecraft:bow":2,"minecraft:wheat_seeds":242,"minecraft:rabbit_hide":1,"minecraft:cobweb":6,"minecraft:cooked_chicken":4,"minecraft:iron_ore":31,"minecraft:mossy_stone_bricks":11,"minecraft:glowstone_dust":1,"minecraft:iron_sword":1,"minecraft:oak_planks":10,"iceandfire:podium_birch":1,"minecraft:chiseled_stone_bricks":2,"minecraft:stone_brick_slab":6,"minecraft:sand":18,"mowziesmobs:barakoa_mask_bliss":1,"minecraft:dead_bush":2,"minecraft:spider_eye":1,"minecraft:chiseled_sandstone":1,"iceandfire:myrmex_stinger":4,"minecraft:dark_oak_log":291,"minecraft:polished_andesite":19,"minecraft:blue_terracotta":1,"minecraft:sugar":2,"iceandfire:desert_myrmex_cocoon":1,"iceandfire:myrmex_desert_egg":2,"minecraft:emerald":3,"minecraft:bread":64,"livingthings:elephant":2,"minecraft:oak_sapling":2,"minecraft:black_wool":1,"minecraft:coal":46},"minecraft:mined":{"minecraft:dark_oak_planks":8,"minecraft:stone_pressure_plate":1,"iceandfire:myrmex_resin_desert":1,"minecraft:dark_oak_log":70,"gravestone:gravestone":33,"minecraft:grass_block":28,"minecraft:redstone_wire":1,"iceandfire:myrmex_desert_biolight":3,"minecraft:sandstone":11,"minecraft:spawner":1,"minecraft:chiseled_stone_bricks":2,"comforts:sleeping_bag_white":3,"minecraft:hay_block":47,"minecraft:tall_seagrass":1,"minecraft:furnace":4,"minecraft:iron_ore":26,"minecraft:sticky_piston":1,"minecraft:chiseled_sandstone":1,"minecraft:andesite":8,"minecraft:stone":62,"minecraft:bone_block":36,"minecraft:piston_head":1,"minecraft:cut_sandstone":2,"minecraft:redstone_block":1,"minecraft:stone_brick_slab":5,"minecraft:torch":1,"minecraft:chest":1,"minecraft:tall_grass":13,"minecraft:cobblestone":3,"minecraft:skeleton_skull":1,"minecraft:repeater":1,"minecraft:light_blue_bed":2,"iceandfire:desert_myrmex_cocoon":1,"minecraft:wheat":25,"iceandfire:podium_birch":1,"minecraft:tnt":32,"minecraft:stone_brick_stairs":2,"minecraft:grass":101,"minecraft:oak_log":6,"minecraft:coal_ore":46,"minecraft:sand":20,"minecraft:dirt":20,"minecraft:cracked_stone_bricks":5,"minecraft:polished_andesite":19,"minecraft:stone_bricks":19,"minecraft:mossy_stone_bricks":4,"minecraft:oak_leaves":3},"minecraft:custom":{"minecraft:mob_kills":124,"minecraft:interact_with_crafting_table":67,"minecraft:open_barrel":33,"minecraft:leave_game":10,"minecraft:time_since_death":22276,"minecraft:climb_one_cm":9697,"minecraft:damage_resisted":18,"minecraft:sprint_one_cm":524162,"minecraft:walk_one_cm":383182,"minecraft:damage_blocked_by_shield":2050,"minecraft:drop":70,"minecraft:damage_dealt_absorbed":120,"minecraft:talked_to_villager":4,"minecraft:deaths":37,"minecraft:sneak_time":8762,"minecraft:walk_under_water_one_cm":31131,"minecraft:boat_one_cm":1406308,"minecraft:jump":3574,"minecraft:walk_on_water_one_cm":20683,"minecraft:interact_with_furnace":38,"minecraft:tune_noteblock":7,"minecraft:play_one_minute":257886,"minecraft:sleep_in_bed":11,"minecraft:time_since_rest":10931,"minecraft:damage_taken":2147483647,"minecraft:damage_dealt":24394,"minecraft:swim_one_cm":60356,"minecraft:fly_one_cm":803325,"minecraft:player_kills":1,"minecraft:open_chest":81,"minecraft:crouch_one_cm":16691,"minecraft:fall_one_cm":116837},"minecraft:crafted":{"minecraft:oak_planks":20,"minecraft:dark_oak_boat":13,"comforts:sleeping_bag_white":1,"minecraft:cooked_chicken":2,"minecraft:furnace":4,"minecraft:cooked_mutton":8,"minecraft:iron_axe":1,"minecraft:stone_pickaxe":3,"minecraft:chest":1,"minecraft:dark_oak_planks":324,"livingthings:cooked_elephant":2,"minecraft:stone_hoe":1,"minecraft:wheat":117,"livingthings:cooked_lion":1,"minecraft:crafting_table":12,"minecraft:wooden_pickaxe":3,"minecraft:iron_sword":3,"minecraft:stone_axe":3,"minecraft:bread":44,"minecraft:air":0,"livingthings:cooked_crab":1,"minecraft:charcoal":1,"minecraft:shield":2,"minecraft:iron_pickaxe":1,"minecraft:stick":52,"minecraft:iron_ingot":25,"minecraft:wooden_axe":1,"minecraft:stone_sword":2,"minecraft:white_bed":1,"minecraft:torch":4},"minecraft:killed_by":{"minecraft:zombie_villager":1,"minecraft:player":11,"minecraft:creeper":1,"livingthings:lion":1,"iceandfire:sea_serpent":1,"minecraft:vindicator":1,"iceandfire:gorgon":1,"minecraft:zombie":4,"livingthings:elephant":2,"livingthings:shark":4,"iceandfire:cockatrice":3,"iceandfire:myrmex_soldier":1,"mowziesmobs:barakoan_barakoana":1,"mowziesmobs:barakoana":1,"iceandfire:myrmex_sentinel":3},"minecraft:broken":{"minecraft:leather_boots":1,"minecraft:wooden_axe":1,"mowziesmobs:barakoa_mask_fury":1},"minecraft:used":{"minecraft:stone_sword":102,"minecraft:chest":2,"minecraft:shield":45,"minecraft:iron_sword":280,"minecraft:stone_hoe":11,"minecraft:bell":1,"minecraft:cooked_chicken":2,"minecraft:rotten_flesh":24,"minecraft:torch":1,"minecraft:dirt":54,"minecraft:mutton":2,"iceandfire:myrmex_resin_desert":1,"minecraft:iron_hoe":34,"minecraft:dark_oak_planks":70,"minecraft:wooden_axe":3,"minecraft:light_blue_bed":2,"minecraft:stone_bricks":8,"livingthings:cooked_lion":1,"minecraft:bow":5,"minecraft:beef":1,"minecraft:dark_oak_boat":13,"minecraft:oak_sapling":1,"minecraft:furnace":6,"minecraft:egg":1,"comforts:sleeping_bag_white":8,"minecraft:cooked_mutton":7,"minecraft:mossy_stone_bricks":3,"minecraft:stone_pickaxe":227,"farmersdelight:golden_knife":1,"minecraft:wooden_pickaxe":36,"minecraft:sandstone":10,"minecraft:cracked_stone_bricks":1,"minecraft:dark_oak_trapdoor":1,"minecraft:sand":5,"minecraft:crafting_table":12,"minecraft:white_bed":1,"minecraft:cod":3,"minecraft:sticky_piston":2,"minecraft:apple":1,"minecraft:dark_oak_log":2,"minecraft:iron_pickaxe":38,"minecraft:bread":51,"livingthings:lion":2,"minecraft:stone_axe":46,"minecraft:diamond_sword":123,"minecraft:cobblestone":7,"minecraft:porkchop":2,"minecraft:andesite":8,"livingthings:cooked_elephant":1},"minecraft:dropped":{"minecraft:bread":20,"minecraft:iron_sword":2,"minecraft:wheat_seeds":86,"minecraft:iron_helmet":1,"minecraft:cobblestone":1,"minecraft:stick":2,"minecraft:dirt":9,"minecraft:dark_oak_log":15,"mowziesmobs:barakoa_mask_misery":1,"minecraft:dark_oak_trapdoor":1,"minecraft:cut_sandstone":2,"minecraft:potion":1,"gravestone:obituary":26,"minecraft:smooth_stone":4,"minecraft:dark_oak_planks":67,"livingthings:cooked_elephant":1,"iceandfire:dragonbone":1,"minecraft:sticky_piston":1,"iceandfire:witherbone":1,"minecraft:oak_planks":10,"minecraft:iron_boots":1,"minecraft:cooked_mutton":1,"minecraft:diamond_sword":1,"minecraft:shield":1,"minecraft:stone":2,"minecraft:orange_terracotta":2,"minecraft:stone_bricks":1,"minecraft:spider_eye":1,"minecraft:stone_pressure_plate":1,"minecraft:iron_ore":1,"iceandfire:sea_serpent_scales_blue":1,"iceandfire:sea_serpent_fang":1}},"DataVersion":2586}