{"stats":{"minecraft:killed":{"minecraft:spider":3,"livingthings:raccoon":1,"minecraft:sheep":1,"minecraft:skeleton":5,"minecraft:zombie":7,"minecraft:chicken":1,"minecraft:drowned":1,"livingthings:shark":5,"minecraft:cow":1},"minecraft:picked_up":{"minecraft:feather":2,"minecraft:redstone_block":1,"minecraft:chicken":1,"minecraft:leather":3,"gravestone:obituary":3,"minecraft:oak_log":1,"minecraft:dirt":7,"minecraft:string":5,"minecraft:sticky_piston":2,"minecraft:bone":6,"minecraft:apple":1,"minecraft:stone_bricks":15,"minecraft:cracked_stone_bricks":3,"minecraft:wheat_seeds":3,"dynamictrees:dark_oak_seed":2,"minecraft:beef":1,"minecraft:iron_ore":9,"minecraft:mossy_stone_bricks":4,"minecraft:iron_sword":1,"minecraft:furnace":1,"minecraft:dark_oak_sapling":4,"minecraft:stick":10,"minecraft:chiseled_stone_bricks":2,"minecraft:stone_brick_slab":6,"minecraft:sand":7,"minecraft:redstone":2,"minecraft:dark_oak_log":140,"minecraft:arrow":6,"minecraft:rotten_flesh":19,"livingthings:shark_tooth":8,"minecraft:mutton":2,"minecraft:cod":3,"minecraft:coal":26,"minecraft:white_wool":1,"minecraft:cobblestone":32},"minecraft:mined":{"minecraft:piston_head":1,"minecraft:redstone_block":1,"minecraft:stone_brick_slab":5,"minecraft:dark_oak_log":56,"gravestone:gravestone":7,"minecraft:grass_block":2,"minecraft:tall_grass":2,"minecraft:chiseled_stone_bricks":2,"minecraft:furnace":1,"minecraft:iron_ore":8,"minecraft:sticky_piston":1,"minecraft:grass":30,"minecraft:oak_log":1,"minecraft:coal_ore":26,"minecraft:sand":7,"minecraft:dirt":4,"minecraft:cracked_stone_bricks":3,"minecraft:stone":32,"minecraft:stone_bricks":15,"minecraft:mossy_stone_bricks":4,"minecraft:oak_leaves":2},"minecraft:crafted":{"minecraft:crafting_table":4,"minecraft:dark_oak_boat":5,"minecraft:wooden_pickaxe":2,"minecraft:cooked_chicken":1,"minecraft:iron_sword":2,"minecraft:furnace":2,"minecraft:stone_axe":2,"minecraft:cooked_mutton":2,"minecraft:air":0,"minecraft:stick":20,"minecraft:iron_ingot":8,"minecraft:stone_pickaxe":2,"minecraft:stone_sword":1,"minecraft:dark_oak_planks":140},"minecraft:custom":{"minecraft:interact_with_furnace":12,"minecraft:mob_kills":25,"minecraft:interact_with_crafting_table":24,"minecraft:play_one_minute":74984,"minecraft:leave_game":3,"minecraft:time_since_death":3752,"minecraft:climb_one_cm":90,"minecraft:time_since_rest":3781,"minecraft:sprint_one_cm":101477,"minecraft:damage_taken":2147483647,"minecraft:walk_one_cm":112440,"minecraft:drop":15,"minecraft:damage_dealt":4815,"minecraft:swim_one_cm":33624,"minecraft:fly_one_cm":146321,"minecraft:open_chest":1,"minecraft:crouch_one_cm":2589,"minecraft:deaths":10,"minecraft:sneak_time":1363,"minecraft:walk_under_water_one_cm":20648,"minecraft:boat_one_cm":499452,"minecraft:jump":719,"minecraft:walk_on_water_one_cm":9711,"minecraft:fall_one_cm":21063},"minecraft:killed_by":{"iceandfire:gorgon":1,"minecraft:player":3,"minecraft:creeper":1,"minecraft:zombie":2,"livingthings:shark":2},"minecraft:dropped":{"minecraft:iron_sword":2,"minecraft:stick":2,"minecraft:dark_oak_log":15,"gravestone:obituary":6,"minecraft:iron_ore":1,"minecraft:dark_oak_planks":54},"minecraft:used":{"minecraft:cooked_mutton":2,"minecraft:stone_sword":69,"minecraft:stone_pickaxe":77,"minecraft:wooden_pickaxe":26,"minecraft:iron_sword":22,"minecraft:cooked_chicken":1,"minecraft:rotten_flesh":15,"minecraft:cracked_stone_bricks":1,"minecraft:sand":3,"minecraft:dirt":3,"minecraft:crafting_table":4,"minecraft:cod":3,"minecraft:apple":1,"minecraft:dark_oak_log":2,"minecraft:stone_bricks":5,"minecraft:stone_axe":33,"minecraft:beef":1,"minecraft:dark_oak_boat":5,"minecraft:furnace":2}},"DataVersion":2586}