{"stats":{"minecraft:killed":{"mowziesmobs:barakoan_barakoana":3,"minecraft:witch":2,"minecraft:spider":6,"minecraft:vindicator":6,"livingthings:raccoon":3,"minecraft:skeleton":20,"livingthings:lion":2,"minecraft:chicken":1,"livingthings:crab":1,"minecraft:drowned":1,"livingthings:shark":5,"iceandfire:myrmex_sentinel":1,"iceandfire:myrmex_worker":5,"minecraft:husk":4,"minecraft:pig":1,"minecraft:zombie_villager":2,"minecraft:wandering_trader":1,"minecraft:creeper":1,"iceandfire:cockatrice":1,"minecraft:sheep":12,"minecraft:pillager":18,"minecraft:trader_llama":3,"minecraft:zombie":27,"iceandfire:myrmex_soldier":2,"minecraft:villager":1,"iceandfire:sea_serpent":1,"livingthings:elephant":2,"minecraft:enderman":1,"minecraft:cow":1},"minecraft:picked_up":{"livingthings:crab":1,"livingthings:lion":5,"minecraft:purple_wool":1,"minecraft:crafting_table":3,"minecraft:wheat":60,"minecraft:ladder":3,"iceandfire:witherbone":2,"minecraft:redstone_block":1,"minecraft:chicken":2,"iceandfire:copper_ore":1,"minecraft:brown_mushroom":2,"minecraft:lead":2,"minecraft:stone_brick_stairs":5,"gravestone:obituary":9,"iceandfire:myrmex_desert_biolight":5,"iceandfire:sea_serpent_scales_blue":17,"minecraft:string":14,"minecraft:dark_oak_trapdoor":2,"minecraft:sticky_piston":5,"minecraft:cracked_stone_bricks":8,"dynamictrees:dark_oak_seed":2,"minecraft:smooth_stone":3,"comforts:sleeping_bag_white":9,"minecraft:spruce_planks":2,"minecraft:beef":1,"minecraft:chest":13,"minecraft:furnace":4,"minecraft:egg":2,"minecraft:dark_oak_sapling":5,"minecraft:stick":13,"minecraft:sandstone":26,"iceandfire:dragonbone":1,"minecraft:stone":3,"minecraft:oak_door":1,"minecraft:torch":2,"minecraft:porkchop":3,"iceandfire:myrmex_resin_desert":1,"minecraft:redstone":4,"minecraft:light_blue_bed":2,"minecraft:stone_pressure_plate":1,"minecraft:dark_oak_planks":15,"minecraft:tnt":32,"minecraft:arrow":19,"minecraft:rotten_flesh":51,"livingthings:shark_tooth":8,"minecraft:hay_block":44,"iceandfire:myrmex_desert_chitin":5,"minecraft:bone_block":104,"mowziesmobs:barakoa_mask_misery":1,"minecraft:mutton":19,"livingthings:cooked_lion":1,"minecraft:cod":3,"minecraft:skeleton_skull":1,"minecraft:white_wool":11,"minecraft:cobblestone":118,"iceandfire:sea_serpent_fang":3,"minecraft:feather":6,"minecraft:repeater":1,"minecraft:andesite":8,"minecraft:cut_sandstone":5,"minecraft:leather":20,"mowziesmobs:barakoa_mask_fury":1,"minecraft:red_mushroom":5,"minecraft:oak_log":6,"minecraft:yellow_bed":3,"minecraft:gunpowder":2,"livingthings:crab_shell":1,"minecraft:dirt":131,"minecraft:orange_terracotta":2,"minecraft:leather_boots":1,"minecraft:cooked_mutton":1,"minecraft:bone":21,"minecraft:apple":1,"minecraft:stone_bricks":27,"minecraft:bow":2,"minecraft:wheat_seeds":252,"minecraft:rabbit_hide":1,"minecraft:cobweb":6,"minecraft:cooked_chicken":4,"minecraft:iron_ore":52,"minecraft:mossy_stone_bricks":11,"blue_skies:maple_trapdoor":1,"minecraft:glowstone_dust":1,"minecraft:iron_sword":1,"minecraft:oak_planks":10,"iceandfire:podium_birch":1,"minecraft:chiseled_stone_bricks":2,"minecraft:dandelion":1,"minecraft:stone_brick_slab":6,"minecraft:sand":18,"mowziesmobs:barakoa_mask_bliss":1,"minecraft:dead_bush":2,"minecraft:spider_eye":1,"minecraft:chiseled_sandstone":1,"iceandfire:myrmex_stinger":4,"minecraft:dark_oak_log":291,"minecraft:polished_andesite":19,"minecraft:blue_terracotta":1,"minecraft:sugar":2,"iceandfire:desert_myrmex_cocoon":2,"iceandfire:myrmex_desert_egg":2,"minecraft:emerald":3,"minecraft:bread":64,"livingthings:elephant":2,"iceandfire:tide_trident":1,"minecraft:oak_sapling":2,"minecraft:black_wool":1,"minecraft:coal":46},"minecraft:mined":{"minecraft:dark_oak_planks":8,"minecraft:stone_pressure_plate":1,"iceandfire:myrmex_resin_desert":1,"minecraft:dark_oak_log":70,"gravestone:gravestone":33,"minecraft:grass_block":28,"minecraft:redstone_wire":1,"iceandfire:myrmex_desert_biolight":5,"minecraft:sandstone":11,"minecraft:spawner":1,"minecraft:chiseled_stone_bricks":2,"comforts:sleeping_bag_white":4,"minecraft:hay_block":48,"minecraft:tall_seagrass":1,"minecraft:furnace":4,"iceandfire:copper_ore":1,"minecraft:fire":2,"minecraft:iron_ore":47,"minecraft:sticky_piston":1,"minecraft:chiseled_sandstone":1,"minecraft:andesite":8,"minecraft:stone":70,"minecraft:bone_block":107,"minecraft:piston_head":1,"minecraft:cut_sandstone":2,"minecraft:redstone_block":1,"minecraft:dandelion":1,"minecraft:stone_brick_slab":5,"blue_skies:maple_trapdoor":1,"minecraft:crafting_table":2,"minecraft:torch":1,"minecraft:chest":13,"minecraft:tall_grass":17,"minecraft:cobblestone":3,"minecraft:skeleton_skull":1,"minecraft:repeater":1,"minecraft:light_blue_bed":2,"iceandfire:desert_myrmex_cocoon":2,"minecraft:wheat":25,"minecraft:yellow_bed":2,"iceandfire:podium_birch":1,"minecraft:tnt":32,"minecraft:stone_brick_stairs":2,"minecraft:grass":121,"minecraft:oak_log":6,"minecraft:coal_ore":46,"minecraft:sand":20,"minecraft:dirt":20,"minecraft:cobweb":6,"minecraft:cracked_stone_bricks":5,"minecraft:polished_andesite":19,"minecraft:stone_bricks":19,"minecraft:mossy_stone_bricks":4,"minecraft:oak_leaves":3},"minecraft:custom":{"minecraft:mob_kills":137,"minecraft:interact_with_crafting_table":68,"minecraft:open_barrel":34,"minecraft:leave_game":10,"minecraft:time_since_death":46276,"minecraft:climb_one_cm":10095,"minecraft:damage_resisted":18,"minecraft:sprint_one_cm":565340,"minecraft:walk_one_cm":431878,"minecraft:damage_blocked_by_shield":2230,"minecraft:drop":77,"minecraft:damage_dealt_absorbed":120,"minecraft:talked_to_villager":9,"minecraft:deaths":37,"minecraft:sneak_time":9701,"minecraft:walk_under_water_one_cm":31385,"minecraft:boat_one_cm":1406308,"minecraft:jump":3815,"minecraft:walk_on_water_one_cm":21286,"minecraft:interact_with_furnace":46,"minecraft:traded_with_villager":2,"minecraft:tune_noteblock":7,"minecraft:play_one_minute":281886,"minecraft:sleep_in_bed":13,"minecraft:time_since_rest":13766,"minecraft:damage_taken":2147483647,"minecraft:damage_dealt":26917,"minecraft:swim_one_cm":64027,"minecraft:fly_one_cm":850329,"minecraft:player_kills":1,"minecraft:open_chest":119,"minecraft:crouch_one_cm":18647,"minecraft:fall_one_cm":122030},"minecraft:crafted":{"minecraft:oak_planks":20,"minecraft:dark_oak_boat":13,"comforts:sleeping_bag_white":1,"minecraft:cooked_chicken":2,"minecraft:furnace":4,"blue_skies:zeal_lighter":2,"minecraft:cooked_mutton":8,"minecraft:iron_axe":1,"minecraft:stone_pickaxe":3,"minecraft:chest":2,"minecraft:dark_oak_planks":336,"livingthings:cooked_elephant":2,"minecraft:stone_hoe":1,"minecraft:wheat":126,"livingthings:cooked_lion":1,"minecraft:crafting_table":13,"minecraft:wooden_pickaxe":3,"minecraft:iron_sword":3,"minecraft:stone_axe":3,"minecraft:bread":44,"minecraft:air":0,"livingthings:cooked_crab":1,"minecraft:charcoal":1,"minecraft:shield":2,"minecraft:iron_pickaxe":1,"minecraft:stick":52,"minecraft:iron_ingot":25,"minecraft:wooden_axe":1,"minecraft:stone_sword":2,"minecraft:white_bed":1,"minecraft:torch":4},"minecraft:killed_by":{"minecraft:zombie_villager":1,"minecraft:player":11,"minecraft:creeper":1,"livingthings:lion":1,"iceandfire:sea_serpent":1,"minecraft:vindicator":1,"iceandfire:gorgon":1,"minecraft:zombie":4,"livingthings:elephant":2,"livingthings:shark":4,"iceandfire:cockatrice":3,"iceandfire:myrmex_soldier":1,"mowziesmobs:barakoan_barakoana":1,"mowziesmobs:barakoana":1,"iceandfire:myrmex_sentinel":3},"minecraft:broken":{"minecraft:leather_boots":1,"minecraft:wooden_axe":1,"mowziesmobs:barakoa_mask_fury":1},"minecraft:dropped":{"minecraft:bread":20,"minecraft:iron_sword":2,"minecraft:wheat_seeds":86,"minecraft:glass_bottle":1,"minecraft:iron_helmet":1,"minecraft:cobblestone":1,"iceandfire:tide_trident":1,"blue_skies:zeal_lighter":1,"minecraft:stick":2,"minecraft:dirt":9,"minecraft:dark_oak_log":15,"mowziesmobs:barakoa_mask_misery":1,"minecraft:dark_oak_trapdoor":1,"minecraft:cut_sandstone":2,"minecraft:potion":1,"gravestone:obituary":26,"minecraft:smooth_stone":5,"minecraft:dark_oak_planks":67,"livingthings:cooked_elephant":1,"iceandfire:dragonbone":1,"minecraft:sticky_piston":1,"iceandfire:witherbone":1,"minecraft:oak_planks":10,"minecraft:iron_boots":1,"minecraft:cooked_mutton":1,"minecraft:diamond_sword":1,"minecraft:shield":1,"minecraft:stone":4,"minecraft:orange_terracotta":2,"minecraft:yellow_bed":1,"minecraft:stone_bricks":4,"minecraft:spider_eye":1,"minecraft:stone_pressure_plate":1,"minecraft:iron_ore":1,"iceandfire:sea_serpent_scales_blue":1,"iceandfire:sea_serpent_fang":1},"minecraft:used":{"iceandfire:tide_trident":1,"iceandfire:desert_myrmex_cocoon":1,"minecraft:stone_sword":102,"minecraft:chest":8,"minecraft:shield":51,"minecraft:iron_sword":280,"minecraft:stone_hoe":11,"minecraft:bell":1,"minecraft:cooked_chicken":2,"minecraft:rotten_flesh":24,"minecraft:torch":1,"minecraft:dirt":55,"minecraft:mutton":2,"blue_skies:zeal_lighter":2,"iceandfire:myrmex_resin_desert":1,"minecraft:iron_hoe":34,"minecraft:dark_oak_planks":70,"minecraft:wooden_axe":3,"minecraft:iron_axe":16,"minecraft:light_blue_bed":2,"minecraft:stone_bricks":8,"livingthings:cooked_lion":1,"minecraft:bow":5,"minecraft:beef":1,"minecraft:dark_oak_boat":13,"minecraft:oak_sapling":1,"minecraft:furnace":6,"minecraft:egg":1,"comforts:sleeping_bag_white":9,"minecraft:cooked_mutton":7,"minecraft:mossy_stone_bricks":3,"minecraft:stone_pickaxe":227,"farmersdelight:golden_knife":1,"minecraft:wooden_pickaxe":36,"minecraft:sandstone":10,"minecraft:cracked_stone_bricks":1,"minecraft:dark_oak_trapdoor":1,"minecraft:sand":5,"minecraft:crafting_table":15,"minecraft:white_bed":1,"minecraft:cod":3,"minecraft:sticky_piston":2,"minecraft:apple":1,"minecraft:dark_oak_log":8,"minecraft:iron_pickaxe":140,"minecraft:bread":59,"livingthings:lion":2,"minecraft:stone_axe":46,"minecraft:diamond_sword":174,"minecraft:cobblestone":7,"minecraft:potion":1,"minecraft:porkchop":2,"minecraft:andesite":8,"minecraft:yellow_bed":2,"livingthings:cooked_elephant":1,"minecraft:cobweb":6}},"DataVersion":2586}