{"stats":{"minecraft:killed":{"minecraft:spider":5,"livingthings:raccoon":3,"minecraft:skeleton":9,"livingthings:lion":2,"minecraft:chicken":1,"livingthings:crab":1,"minecraft:drowned":1,"livingthings:shark":5,"iceandfire:myrmex_sentinel":1,"iceandfire:myrmex_worker":1,"minecraft:husk":1,"minecraft:pig":1,"minecraft:sheep":8,"minecraft:trader_llama":1,"minecraft:zombie":10,"iceandfire:myrmex_soldier":1,"minecraft:villager":1,"livingthings:elephant":2,"minecraft:enderman":1,"minecraft:cow":1},"minecraft:picked_up":{"livingthings:crab":1,"livingthings:lion":5,"minecraft:crafting_table":1,"minecraft:redstone_block":1,"minecraft:chicken":2,"minecraft:stone_brick_stairs":5,"gravestone:obituary":4,"minecraft:string":8,"minecraft:sticky_piston":5,"minecraft:cracked_stone_bricks":6,"dynamictrees:dark_oak_seed":2,"comforts:sleeping_bag_white":7,"minecraft:beef":1,"minecraft:furnace":4,"minecraft:egg":1,"minecraft:dark_oak_sapling":5,"minecraft:stick":11,"minecraft:sandstone":1,"minecraft:torch":1,"minecraft:porkchop":3,"minecraft:redstone":2,"minecraft:light_blue_bed":1,"minecraft:dark_oak_planks":7,"minecraft:arrow":9,"minecraft:rotten_flesh":30,"livingthings:shark_tooth":8,"iceandfire:myrmex_desert_chitin":5,"minecraft:mutton":15,"livingthings:cooked_lion":1,"minecraft:cod":3,"minecraft:skeleton_skull":1,"minecraft:white_wool":7,"minecraft:cobblestone":90,"minecraft:feather":3,"minecraft:repeater":1,"minecraft:leather":17,"minecraft:oak_log":6,"livingthings:crab_shell":1,"minecraft:dirt":54,"minecraft:leather_boots":1,"minecraft:cooked_mutton":1,"minecraft:bone":11,"minecraft:apple":1,"minecraft:stone_bricks":21,"minecraft:wheat_seeds":6,"minecraft:rabbit_hide":1,"minecraft:iron_ore":31,"minecraft:mossy_stone_bricks":11,"minecraft:iron_sword":1,"minecraft:oak_planks":10,"minecraft:chiseled_stone_bricks":2,"minecraft:stone_brick_slab":6,"minecraft:sand":7,"iceandfire:myrmex_stinger":3,"minecraft:dark_oak_log":259,"livingthings:elephant":2,"minecraft:oak_sapling":2,"minecraft:black_wool":1,"minecraft:coal":40},"minecraft:mined":{"minecraft:dark_oak_log":70,"gravestone:gravestone":24,"minecraft:grass_block":15,"minecraft:redstone_wire":1,"minecraft:sandstone":1,"minecraft:chiseled_stone_bricks":2,"comforts:sleeping_bag_white":3,"minecraft:tall_seagrass":1,"minecraft:furnace":4,"minecraft:iron_ore":26,"minecraft:sticky_piston":1,"minecraft:stone":62,"minecraft:piston_head":1,"minecraft:redstone_block":1,"minecraft:stone_brick_slab":5,"minecraft:torch":1,"minecraft:tall_grass":8,"minecraft:cobblestone":1,"minecraft:skeleton_skull":1,"minecraft:repeater":1,"minecraft:light_blue_bed":1,"minecraft:stone_brick_stairs":2,"minecraft:grass":63,"minecraft:oak_log":6,"minecraft:coal_ore":40,"minecraft:sand":7,"minecraft:dirt":19,"minecraft:cracked_stone_bricks":3,"minecraft:stone_bricks":16,"minecraft:mossy_stone_bricks":4,"minecraft:oak_leaves":3},"minecraft:custom":{"minecraft:mob_kills":56,"minecraft:interact_with_crafting_table":56,"minecraft:leave_game":7,"minecraft:time_since_death":3304,"minecraft:climb_one_cm":2478,"minecraft:sprint_one_cm":290782,"minecraft:walk_one_cm":236022,"minecraft:damage_blocked_by_shield":810,"minecraft:drop":37,"minecraft:damage_dealt_absorbed":120,"minecraft:talked_to_villager":2,"minecraft:deaths":28,"minecraft:sneak_time":4303,"minecraft:walk_under_water_one_cm":26236,"minecraft:boat_one_cm":1406308,"minecraft:jump":1970,"minecraft:walk_on_water_one_cm":12524,"minecraft:interact_with_furnace":38,"minecraft:play_one_minute":175290,"minecraft:sleep_in_bed":5,"minecraft:time_since_rest":3331,"minecraft:damage_taken":2147483647,"minecraft:damage_dealt":11550,"minecraft:swim_one_cm":39881,"minecraft:fly_one_cm":433908,"minecraft:open_chest":8,"minecraft:crouch_one_cm":7375,"minecraft:fall_one_cm":60730},"minecraft:crafted":{"minecraft:oak_planks":20,"minecraft:dark_oak_boat":13,"comforts:sleeping_bag_white":1,"minecraft:cooked_chicken":2,"minecraft:furnace":4,"minecraft:cooked_mutton":8,"minecraft:stone_pickaxe":3,"minecraft:dark_oak_planks":232,"livingthings:cooked_elephant":2,"livingthings:cooked_lion":1,"minecraft:crafting_table":11,"minecraft:wooden_pickaxe":3,"minecraft:iron_sword":3,"minecraft:stone_axe":3,"minecraft:air":0,"livingthings:cooked_crab":1,"minecraft:charcoal":1,"minecraft:shield":2,"minecraft:stick":40,"minecraft:iron_ingot":25,"minecraft:wooden_axe":1,"minecraft:stone_sword":2,"minecraft:white_bed":1,"minecraft:torch":4},"minecraft:killed_by":{"minecraft:player":9,"minecraft:creeper":1,"livingthings:lion":1,"iceandfire:gorgon":1,"minecraft:zombie":4,"livingthings:elephant":2,"livingthings:shark":4,"iceandfire:cockatrice":1,"iceandfire:myrmex_soldier":1,"iceandfire:myrmex_sentinel":3},"minecraft:broken":{"minecraft:leather_boots":1,"minecraft:wooden_axe":1},"minecraft:used":{"minecraft:stone_sword":102,"minecraft:shield":13,"minecraft:iron_sword":142,"minecraft:cooked_chicken":2,"minecraft:rotten_flesh":24,"minecraft:torch":1,"minecraft:dirt":49,"minecraft:mutton":1,"minecraft:wooden_axe":3,"minecraft:light_blue_bed":1,"minecraft:stone_bricks":8,"livingthings:cooked_lion":1,"minecraft:beef":1,"minecraft:dark_oak_boat":13,"minecraft:oak_sapling":1,"minecraft:furnace":6,"comforts:sleeping_bag_white":7,"minecraft:egg":1,"minecraft:cooked_mutton":7,"minecraft:mossy_stone_bricks":3,"minecraft:stone_pickaxe":139,"minecraft:wooden_pickaxe":36,"minecraft:cracked_stone_bricks":1,"minecraft:sand":3,"minecraft:crafting_table":10,"minecraft:white_bed":1,"minecraft:cod":3,"minecraft:sticky_piston":2,"minecraft:apple":1,"minecraft:dark_oak_log":2,"minecraft:bread":1,"livingthings:lion":2,"minecraft:stone_axe":33,"minecraft:cobblestone":7,"minecraft:porkchop":2,"livingthings:cooked_elephant":1},"minecraft:dropped":{"minecraft:iron_sword":2,"minecraft:wheat_seeds":1,"minecraft:stick":2,"minecraft:dirt":1,"minecraft:dark_oak_log":15,"gravestone:obituary":20,"minecraft:dark_oak_planks":57,"livingthings:cooked_elephant":1,"minecraft:sticky_piston":1,"minecraft:oak_planks":10,"minecraft:cooked_mutton":1,"minecraft:shield":1,"minecraft:iron_ore":1}},"DataVersion":2586}