{"stats":{"minecraft:killed":{"minecraft:spider":5,"livingthings:raccoon":3,"minecraft:skeleton":9,"livingthings:lion":2,"minecraft:chicken":1,"livingthings:crab":1,"minecraft:drowned":1,"livingthings:shark":5,"iceandfire:myrmex_sentinel":1,"iceandfire:myrmex_worker":1,"minecraft:husk":1,"minecraft:pig":1,"minecraft:sheep":8,"minecraft:trader_llama":1,"minecraft:zombie":11,"iceandfire:myrmex_soldier":1,"minecraft:villager":1,"livingthings:elephant":2,"minecraft:enderman":1,"minecraft:cow":1},"minecraft:picked_up":{"livingthings:crab":1,"livingthings:lion":5,"minecraft:crafting_table":1,"minecraft:redstone_block":1,"minecraft:chicken":2,"minecraft:stone_brick_stairs":5,"gravestone:obituary":4,"minecraft:string":8,"minecraft:sticky_piston":5,"minecraft:cracked_stone_bricks":6,"dynamictrees:dark_oak_seed":2,"minecraft:smooth_stone":2,"comforts:sleeping_bag_white":7,"minecraft:beef":1,"minecraft:chest":1,"minecraft:furnace":4,"minecraft:egg":1,"minecraft:dark_oak_sapling":5,"minecraft:stick":13,"minecraft:sandstone":26,"minecraft:stone":1,"minecraft:torch":1,"minecraft:porkchop":3,"minecraft:redstone":2,"minecraft:light_blue_bed":1,"minecraft:stone_pressure_plate":1,"minecraft:dark_oak_planks":7,"minecraft:tnt":9,"minecraft:arrow":9,"minecraft:rotten_flesh":31,"livingthings:shark_tooth":8,"minecraft:hay_block":11,"iceandfire:myrmex_desert_chitin":5,"minecraft:mutton":15,"livingthings:cooked_lion":1,"minecraft:cod":3,"minecraft:skeleton_skull":1,"minecraft:white_wool":7,"minecraft:cobblestone":90,"minecraft:feather":3,"minecraft:repeater":1,"minecraft:cut_sandstone":5,"minecraft:leather":17,"minecraft:oak_log":6,"livingthings:crab_shell":1,"minecraft:dirt":54,"minecraft:orange_terracotta":2,"minecraft:leather_boots":1,"minecraft:cooked_mutton":1,"minecraft:bone":11,"minecraft:apple":1,"minecraft:stone_bricks":21,"minecraft:wheat_seeds":6,"minecraft:rabbit_hide":1,"minecraft:iron_ore":31,"minecraft:mossy_stone_bricks":11,"minecraft:iron_sword":1,"minecraft:oak_planks":10,"minecraft:chiseled_stone_bricks":2,"minecraft:stone_brick_slab":6,"minecraft:sand":12,"minecraft:chiseled_sandstone":1,"iceandfire:myrmex_stinger":3,"minecraft:dark_oak_log":291,"minecraft:blue_terracotta":1,"livingthings:elephant":2,"minecraft:oak_sapling":2,"minecraft:black_wool":1,"minecraft:coal":40},"minecraft:mined":{"minecraft:stone_pressure_plate":1,"minecraft:dark_oak_log":70,"gravestone:gravestone":24,"minecraft:grass_block":15,"minecraft:redstone_wire":1,"minecraft:sandstone":11,"minecraft:chiseled_stone_bricks":2,"minecraft:hay_block":11,"comforts:sleeping_bag_white":3,"minecraft:tall_seagrass":1,"minecraft:furnace":4,"minecraft:iron_ore":26,"minecraft:sticky_piston":1,"minecraft:chiseled_sandstone":1,"minecraft:stone":62,"minecraft:piston_head":1,"minecraft:cut_sandstone":2,"minecraft:redstone_block":1,"minecraft:stone_brick_slab":5,"minecraft:torch":1,"minecraft:chest":1,"minecraft:tall_grass":8,"minecraft:cobblestone":1,"minecraft:skeleton_skull":1,"minecraft:repeater":1,"minecraft:light_blue_bed":1,"minecraft:tnt":9,"minecraft:stone_brick_stairs":2,"minecraft:grass":65,"minecraft:oak_log":6,"minecraft:coal_ore":40,"minecraft:sand":10,"minecraft:dirt":19,"minecraft:cracked_stone_bricks":3,"minecraft:stone_bricks":16,"minecraft:mossy_stone_bricks":4,"minecraft:oak_leaves":3},"minecraft:custom":{"minecraft:mob_kills":57,"minecraft:interact_with_crafting_table":59,"minecraft:leave_game":7,"minecraft:time_since_death":15304,"minecraft:climb_one_cm":2854,"minecraft:sprint_one_cm":317917,"minecraft:walk_one_cm":254553,"minecraft:damage_blocked_by_shield":810,"minecraft:drop":45,"minecraft:damage_dealt_absorbed":120,"minecraft:talked_to_villager":2,"minecraft:deaths":28,"minecraft:sneak_time":4494,"minecraft:walk_under_water_one_cm":26365,"minecraft:boat_one_cm":1406308,"minecraft:jump":2157,"minecraft:walk_on_water_one_cm":12650,"minecraft:interact_with_furnace":38,"minecraft:play_one_minute":187290,"minecraft:sleep_in_bed":5,"minecraft:time_since_rest":15331,"minecraft:damage_taken":2147483647,"minecraft:damage_dealt":11651,"minecraft:swim_one_cm":40500,"minecraft:fly_one_cm":479513,"minecraft:open_chest":53,"minecraft:crouch_one_cm":7839,"minecraft:fall_one_cm":65239},"minecraft:crafted":{"minecraft:oak_planks":20,"minecraft:dark_oak_boat":13,"comforts:sleeping_bag_white":1,"minecraft:cooked_chicken":2,"minecraft:furnace":4,"minecraft:cooked_mutton":8,"minecraft:stone_pickaxe":3,"minecraft:dark_oak_planks":236,"livingthings:cooked_elephant":2,"minecraft:stone_hoe":1,"minecraft:wheat":99,"livingthings:cooked_lion":1,"minecraft:crafting_table":12,"minecraft:wooden_pickaxe":3,"minecraft:iron_sword":3,"minecraft:stone_axe":3,"minecraft:bread":38,"minecraft:air":0,"livingthings:cooked_crab":1,"minecraft:charcoal":1,"minecraft:shield":2,"minecraft:stick":44,"minecraft:iron_ingot":25,"minecraft:wooden_axe":1,"minecraft:stone_sword":2,"minecraft:white_bed":1,"minecraft:torch":4},"minecraft:killed_by":{"minecraft:player":9,"minecraft:creeper":1,"livingthings:lion":1,"iceandfire:gorgon":1,"minecraft:zombie":4,"livingthings:elephant":2,"livingthings:shark":4,"iceandfire:cockatrice":1,"iceandfire:myrmex_soldier":1,"iceandfire:myrmex_sentinel":3},"minecraft:broken":{"minecraft:leather_boots":1,"minecraft:wooden_axe":1},"minecraft:used":{"minecraft:stone_sword":102,"minecraft:chest":1,"minecraft:shield":13,"minecraft:iron_sword":148,"minecraft:stone_hoe":11,"minecraft:cooked_chicken":2,"minecraft:rotten_flesh":24,"minecraft:torch":1,"minecraft:dirt":49,"minecraft:mutton":2,"minecraft:wooden_axe":3,"minecraft:light_blue_bed":1,"minecraft:stone_bricks":8,"livingthings:cooked_lion":1,"minecraft:beef":1,"minecraft:dark_oak_boat":13,"minecraft:oak_sapling":1,"minecraft:furnace":6,"comforts:sleeping_bag_white":8,"minecraft:egg":1,"minecraft:cooked_mutton":7,"minecraft:mossy_stone_bricks":3,"minecraft:stone_pickaxe":162,"minecraft:wooden_pickaxe":36,"minecraft:sandstone":10,"minecraft:cracked_stone_bricks":1,"minecraft:sand":5,"minecraft:crafting_table":12,"minecraft:white_bed":1,"minecraft:cod":3,"minecraft:sticky_piston":2,"minecraft:apple":1,"minecraft:dark_oak_log":2,"minecraft:bread":5,"livingthings:lion":2,"minecraft:stone_axe":34,"minecraft:cobblestone":7,"minecraft:porkchop":2,"livingthings:cooked_elephant":1},"minecraft:dropped":{"minecraft:iron_sword":2,"minecraft:wheat_seeds":1,"minecraft:stick":2,"minecraft:dirt":1,"minecraft:dark_oak_log":15,"minecraft:cut_sandstone":2,"gravestone:obituary":20,"minecraft:smooth_stone":4,"minecraft:dark_oak_planks":57,"livingthings:cooked_elephant":1,"minecraft:sticky_piston":1,"minecraft:oak_planks":10,"minecraft:cooked_mutton":1,"minecraft:stone":2,"minecraft:shield":1,"minecraft:orange_terracotta":2,"minecraft:stone_pressure_plate":1,"minecraft:iron_ore":1}},"DataVersion":2586}