{"stats":{"minecraft:custom":{"minecraft:time_since_rest":1980,"minecraft:crouch_one_cm":214,"minecraft:play_time":11162,"minecraft:sprint_one_cm":30900,"minecraft:walk_one_cm":25909,"minecraft:damage_taken":1309,"minecraft:deaths":4,"minecraft:sneak_time":252,"minecraft:walk_under_water_one_cm":409,"minecraft:drop":1,"minecraft:jump":159,"minecraft:damage_dealt":232,"minecraft:time_since_death":1950,"minecraft:walk_on_water_one_cm":1722,"minecraft:total_world_time":11162,"minecraft:swim_one_cm":4801,"minecraft:fall_one_cm":8750,"minecraft:fly_one_cm":31184},"minecraft:used":{"minecraft:red_sand":1},"minecraft:picked_up":{"minecraft:water_bucket":1,"minecraft:crafting_table":1,"minecraft:stick":32,"minecraft:sandstone":4,"minecraft:cactus":7,"minecraft:jungle_log":6,"minecraft:red_sand":2,"minecraft:sand":1,"minecraft:white_terracotta":2,"minecraft:terracotta":4,"minecraft:oak_sapling":1,"minecraft:oak_planks":24},"minecraft:mined":{"minecraft:red_sand":1,"minecraft:vine":1,"minecraft:jungle_log":3,"minecraft:dead_bush":18},"minecraft:killed_by":{"minecraft:husk":1,"minecraft:creeper":1,"minecraft:zombie":1},"minecraft:crafted":{"minecraft:crafting_table":1,"minecraft:stick":4,"minecraft:jungle_planks":12},"minecraft:dropped":{"minecraft:stick":1}},"DataVersion":3700}