{"stats":{"minecraft:dropped":{"minecraft:iron_sword":4,"minecraft:soul_sand":79,"minecraft:oak_log":50,"minecraft:glass_bottle":1,"minecraft:weeping_vines":1,"sophisticatedbackpacks:auto_smelting_upgrade":1,"iceandfire:tide_trident":1,"cwsr:ender_essence":1,"minecraft:dirt":39,"blue_skies:blue_journal":1,"minecraft:dark_oak_log":15,"cwsr:wind_boom":1,"mowziesmobs:barakoa_mask_misery":1,"minecraft:dark_oak_trapdoor":1,"minecraft:crimson_roots":16,"minecraft:cut_sandstone":2,"minecraft:chain":4,"gravestone:obituary":51,"minecraft:gold_nugget":2,"minecraft:bone_block":2,"cwsr:beast_essence":1,"minecraft:iron_pickaxe":1,"minecraft:dark_oak_planks":73,"minecraft:white_wool":10,"livingthings:cooked_elephant":1,"minecraft:gold_ingot":60,"minecraft:gravel":31,"minecraft:blackstone":39,"minecraft:sugar_cane":5,"minecraft:nether_brick":23,"minecraft:netherite_sword":2,"minecraft:rotten_flesh":6,"minecraft:oak_planks":12,"minecraft:cooked_mutton":2,"minecraft:nether_brick_fence":3,"iceandfire:shiny_scales":6,"sophisticatedbackpacks:smelting_upgrade":1,"minecraft:skeleton_skull":1,"cwsr:thunder_essence":1,"minecraft:iron_ore":2,"iceandfire:sea_serpent_scales_blue":1,"minecraft:crying_obsidian":3,"minecraft:cracked_nether_bricks":2,"minecraft:quartz":8,"minecraft:netherrack":11,"minecraft:bread":26,"minecraft:wheat_seeds":90,"minecraft:lilac":1,"minecraft:netherite_axe":1,"minecraft:iron_helmet":2,"minecraft:feather":5,"minecraft:cobblestone":7,"minecraft:book":2,"cwsr:dark_essence":1,"nethers_delight:hoglin_loin":1,"minecraft:granite":11,"cwsr:time_sword":1,"iceandfire:cyclops_eye":1,"nethers_delight:hoglin_sirloin":14,"blue_skies:zeal_lighter":1,"minecraft:stick":75,"minecraft:diamond_horse_armor":1,"minecraft:diorite":4,"minecraft:nether_wart_block":13,"minecraft:potion":3,"minecraft:iron_axe":1,"minecraft:smooth_stone":5,"sophisticatedbackpacks:crafting_upgrade":1,"minecraft:string":6,"iceandfire:dragon_skull_fire":1,"iceandfire:dragonbone":19,"dynamictrees:crimson_seed":6,"sophisticatedbackpacks:feeding_upgrade":2,"minecraft:stone_sword":2,"minecraft:sticky_piston":1,"iceandfire:witherbone":1,"minecraft:chicken":1,"minecraft:iron_boots":2,"sophisticatedbackpacks:backpack":1,"minecraft:nether_bricks":22,"minecraft:diamond_sword":1,"minecraft:potato":1,"minecraft:shroomlight":4,"minecraft:stone":4,"minecraft:shield":1,"minecraft:orange_terracotta":3,"minecraft:spruce_planks":4,"minecraft:iron_chestplate":6,"minecraft:andesite":18,"minecraft:yellow_bed":1,"minecraft:stone_pressure_plate":1,"minecraft:spider_eye":1,"minecraft:stone_bricks":5,"minecraft:bow":1,"minecraft:wooden_pickaxe":1,"iceandfire:sea_serpent_fang":1,"nethers_delight:propelplant_cane":6},"minecraft:picked_up":{"livingthings:crab":2,"minecraft:iron_chestplate":2,"minecraft:wheat":60,"minecraft:redstone_block":1,"minecraft:nether_brick_fence":7,"iceandfire:copper_ore":5,"minecraft:prismarine_shard":3,"minecraft:lead":2,"minecraft:diamond_sword":1,"minecraft:oak_stairs":2,"minecraft:stone_brick_stairs":5,"minecraft:wither_rose":1,"minecraft:potion":4,"minecraft:nether_brick":23,"livingthings:cooked_crab":2,"minecraft:gilded_blackstone":1,"minecraft:crimson_planks":30,"iceandfire:myrmex_desert_biolight":5,"iceandfire:manuscript":12,"minecraft:string":72,"minecraft:dark_oak_trapdoor":2,"iceandfire:sea_serpent_scales_teal":10,"minecraft:sticky_piston":5,"minecraft:purple_banner":1,"minecraft:shroomlight":4,"iceandfire:sea_serpent_scales_bronze":18,"cwsr:ender_essence":1,"dynamictrees:dark_oak_seed":2,"minecraft:gold_nugget":467,"minecraft:smooth_stone":3,"comforts:sleeping_bag_white":24,"minecraft:spruce_planks":17,"dynamictrees:oak_seed":33,"minecraft:iron_pickaxe":1,"minecraft:iron_boots":1,"minecraft:furnace":6,"minecraft:stick":239,"blue_skies:azulfo_horn":1,"iceandfire:ghost_chest":5,"minecraft:torch":16,"minecraft:acacia_log":2,"iceandfire:silver_ore":15,"minecraft:porkchop":11,"minecraft:diorite":14,"nethers_delight:hoglin_sirloin":11,"minecraft:stone_sword":2,"minecraft:rotten_flesh":137,"livingthings:shark_tooth":8,"iceandfire:deathworm_chitin_yellow":4,"iceandfire:myrmex_desert_chitin":5,"minecraft:blaze_rod":7,"mowziesmobs:barakoa_mask_misery":1,"minecraft:obsidian":16,"minecraft:cod":3,"minecraft:cobblestone":561,"minecraft:birch_log":5,"minecraft:repeater":1,"minecraft:feather":28,"minecraft:lilac":1,"minecraft:andesite":31,"cwsr:dark_essence":1,"minecraft:dark_oak_boat":1,"mowziesmobs:barakoa_mask_fury":1,"minecraft:potato":1,"minecraft:wither_skeleton_skull":1,"minecraft:lapis_lazuli":33,"minecraft:dirt":216,"cwsr:beast_essence":1,"minecraft:leather_boots":1,"minecraft:bone":114,"minecraft:bow":5,"minecraft:wheat_seeds":272,"minecraft:netherite_axe":5,"minecraft:mossy_stone_bricks":11,"blue_skies:maple_trapdoor":1,"minecraft:glowstone_dust":33,"minecraft:oak_planks":14,"iceandfire:shiny_scales":15,"nethers_delight:propelplant_cane":6,"iceandfire:dragon_skull_fire":1,"minecraft:sand":38,"sophisticatedbackpacks:iron_backpack":1,"minecraft:dead_bush":2,"iceandfire:myrmex_stinger":4,"minecraft:spectral_arrow":54,"minecraft:chiseled_sandstone":1,"minecraft:dark_oak_log":295,"minecraft:polished_andesite":19,"minecraft:blue_terracotta":1,"minecraft:sugar":2,"minecraft:diamond":23,"minecraft:granite":48,"iceandfire:myrmex_desert_egg":2,"sophisticatedbackpacks:feeding_upgrade":1,"minecraft:bread":64,"livingthings:elephant":2,"minecraft:emerald":5,"iceandfire:tide_trident":1,"minecraft:oak_sapling":3,"minecraft:netherrack":1388,"minecraft:crimson_roots":20,"livingthings:lion":5,"minecraft:crafting_table":8,"cwsr:thunder_essence":1,"blue_skies:star_flare":2,"minecraft:nether_wart":29,"minecraft:purple_wool":1,"minecraft:chicken":11,"iceandfire:witherbone":5,"minecraft:ladder":4,"minecraft:packed_ice":4,"minecraft:brown_mushroom":2,"dynamictrees:spruce_seed":22,"minecraft:diamond_horse_armor":1,"minecraft:chain":6,"gravestone:obituary":19,"iceandfire:sea_serpent_scales_blue":28,"cwsr:wind_boom":1,"minecraft:iron_axe":1,"minecraft:item_frame":1,"minecraft:blackstone":94,"minecraft:blue_orchid":2,"iceandfire:graveyard_soil":2,"minecraft:cracked_stone_bricks":8,"minecraft:netherite_sword":5,"minecraft:beef":12,"minecraft:player_head":1,"minecraft:iron_nugget":54,"minecraft:poppy":6,"minecraft:spruce_slab":1,"minecraft:sugar_cane":5,"minecraft:chest":58,"minecraft:egg":4,"minecraft:dark_oak_sapling":5,"minecraft:sandstone":37,"iceandfire:dragonbone":19,"minecraft:stone":3,"minecraft:oak_door":1,"iceandfire:deathworm_chitin_red":8,"sophisticatedbackpacks:crafting_upgrade":1,"sophisticatedbackpacks:backpack":2,"minecraft:spruce_fence":3,"minecraft:fire_charge":5,"iceandfire:myrmex_resin_desert":1,"minecraft:polished_blackstone_bricks":3,"blue_skies:carabeef":12,"minecraft:carrot":2,"iceandfire:deathworm_chitin_white":4,"minecraft:redstone":48,"minecraft:light_blue_bed":2,"nethers_delight:propelpearl":7,"minecraft:prismarine_crystals":1,"minecraft:iron_horse_armor":1,"minecraft:stone_pressure_plate":1,"minecraft:dark_oak_planks":51,"minecraft:tnt":36,"minecraft:weeping_vines":1,"iceandfire:silver_ingot":1,"minecraft:arrow":83,"iceandfire:cyclops_eye":2,"minecraft:nether_bricks":93,"dynamictrees:crimson_seed":7,"minecraft:hay_block":44,"minecraft:gold_ingot":8,"minecraft:mutton":31,"livingthings:cooked_lion":1,"minecraft:white_wool":26,"minecraft:skeleton_skull":3,"minecraft:bone_block":130,"iceandfire:sea_serpent_fang":5,"minecraft:crimson_stem":10,"minecraft:tripwire_hook":1,"minecraft:leather":64,"minecraft:cut_sandstone":5,"minecraft:red_mushroom":6,"nethers_delight:soul_compost":2,"minecraft:ice":3,"minecraft:oak_log":150,"iceandfire:ectoplasm":3,"minecraft:nether_wart_block":13,"minecraft:yellow_bed":3,"minecraft:gunpowder":13,"livingthings:crab_shell":3,"minecraft:orange_terracotta":3,"minecraft:cooked_mutton":1,"blue_skies:soul_fragment":4,"minecraft:apple":1,"minecraft:stone_bricks":43,"minecraft:kelp":3,"minecraft:rabbit_hide":2,"minecraft:iron_ingot":5,"minecraft:cobweb":6,"dynamictrees:birch_seed":2,"minecraft:cooked_chicken":4,"minecraft:iron_ore":180,"sophisticatedbackpacks:smelting_upgrade":1,"minecraft:soul_sand":79,"minecraft:iron_sword":1,"minecraft:book":13,"iceandfire:podium_birch":1,"iceandfire:sea_serpent_scales_green":4,"minecraft:chiseled_stone_bricks":2,"minecraft:dandelion":1,"minecraft:stone_brick_slab":7,"minecraft:quartz":11,"minecraft:cracked_nether_bricks":1,"minecraft:gravel":35,"mowziesmobs:barakoa_mask_bliss":1,"blue_skies:bluebright_log":1,"minecraft:spruce_sapling":37,"minecraft:white_bed":4,"minecraft:spruce_log":329,"minecraft:gold_ore":33,"minecraft:crying_obsidian":12,"minecraft:spider_eye":10,"blue_skies:starlit_log":1,"nethers_delight:hoglin_loin":30,"iceandfire:desert_myrmex_cocoon":2,"minecraft:black_wool":1,"minecraft:stripped_dark_oak_log":3,"minecraft:coal":273,"minecraft:ender_pearl":10},"minecraft:mined":{"minecraft:dark_oak_planks":8,"minecraft:spruce_planks":7,"minecraft:white_bed":3,"minecraft:stone_pressure_plate":1,"iceandfire:myrmex_resin_desert":1,"minecraft:obsidian":9,"minecraft:granite":53,"minecraft:stripped_crimson_hyphae":2,"minecraft:grass_block":65,"minecraft:cracked_polished_blackstone_bricks":1,"minecraft:nether_wart":12,"minecraft:chiseled_stone_bricks":2,"minecraft:spawner":12,"minecraft:gilded_blackstone":1,"comforts:sleeping_bag_white":6,"minecraft:weeping_vines_plant":1,"minecraft:tall_seagrass":1,"minecraft:polished_blackstone_bricks":3,"minecraft:glowstone":12,"minecraft:iron_ore":175,"minecraft:sticky_piston":1,"minecraft:fire":140,"iceandfire:gold_pile":41,"dynamictrees:crimson_wart":20,"minecraft:player_head":1,"minecraft:piston_head":1,"minecraft:cut_sandstone":2,"minecraft:blackstone":40,"minecraft:kelp_plant":3,"minecraft:crimson_nylium":34,"minecraft:orange_terracotta":2,"blue_skies:maple_trapdoor":1,"minecraft:torch":7,"minecraft:poppy":19,"iceandfire:ghost_chest":5,"minecraft:chest":58,"minecraft:dead_bush":1,"minecraft:mushroom_stem":1,"minecraft:nether_quartz_ore":5,"minecraft:cobblestone":14,"minecraft:sugar_cane":3,"dynamictrees:crimson_sapling":5,"minecraft:wall_torch":9,"minecraft:skeleton_skull":1,"minecraft:repeater":1,"minecraft:nether_wart_block":5,"minecraft:wheat":25,"minecraft:lilac":1,"minecraft:tnt":38,"iceandfire:podium_birch":1,"minecraft:stone_brick_stairs":2,"minecraft:wither_rose":1,"minecraft:grass":347,"minecraft:oak_log":8,"blue_skies:brittlebush":1,"minecraft:sand":39,"minecraft:dirt":37,"minecraft:tripwire_hook":1,"minecraft:netherrack":1574,"minecraft:oak_leaves":3,"minecraft:nether_gold_ore":6,"minecraft:diamond_ore":6,"iceandfire:silver_ore":15,"farmersdelight:wild_carrots":1,"minecraft:dark_oak_log":74,"minecraft:nether_bricks":99,"gravestone:gravestone":68,"minecraft:crimson_roots":18,"minecraft:redstone_wire":1,"minecraft:spruce_leaves":3,"minecraft:red_mushroom":1,"minecraft:sandstone":29,"iceandfire:myrmex_desert_biolight":5,"minecraft:crimson_stem":2,"minecraft:hay_block":48,"minecraft:redstone_ore":11,"minecraft:spruce_sapling":1,"minecraft:furnace":6,"iceandfire:copper_ore":5,"minecraft:chiseled_sandstone":1,"minecraft:andesite":29,"minecraft:nether_brick_fence":7,"minecraft:bookshelf":8,"minecraft:shroomlight":2,"minecraft:vine":2,"minecraft:stone":507,"minecraft:bone_block":132,"minecraft:redstone_block":1,"blue_skies:turquoise_grass":13,"minecraft:stripped_dark_oak_log":3,"blue_skies:starlit_log":1,"minecraft:dandelion":1,"minecraft:stone_brick_slab":6,"minecraft:crafting_table":6,"minecraft:tall_grass":37,"minecraft:lapis_ore":5,"minecraft:diorite":13,"minecraft:light_blue_bed":2,"iceandfire:desert_myrmex_cocoon":2,"minecraft:yellow_bed":2,"minecraft:coal_ore":272,"blue_skies:bluebright_log":1,"minecraft:gravel":3,"minecraft:cobweb":6,"minecraft:cracked_stone_bricks":5,"minecraft:polished_andesite":19,"minecraft:stone_bricks":37,"minecraft:mossy_stone_bricks":4,"minecraft:gold_ore":34,"minecraft:fern":1},"minecraft:used":{"cwsr:ender_thunder":33,"iceandfire:tide_trident":1,"minecraft:nether_brick_fence":2,"minecraft:chest":184,"minecraft:shield":104,"minecraft:rotten_flesh":26,"minecraft:stone":1,"minecraft:iron_sword":280,"minecraft:bell":1,"minecraft:mutton":2,"minecraft:nether_bricks":70,"minecraft:obsidian":21,"minecraft:lava_bucket":10,"iceandfire:ghost_chest":5,"blue_skies:cooked_municipal_monkfish":1,"minecraft:light_blue_bed":2,"minecraft:stone_bricks":285,"minecraft:item_frame":31,"livingthings:cooked_lion":1,"minecraft:bow":40,"minecraft:dark_oak_boat":15,"minecraft:oak_sapling":1,"minecraft:cooked_cod":1,"minecraft:furnace":10,"minecraft:egg":2,"cwsr:ender_wind":12,"aquaculture:fish_fillet_cooked":49,"dynamictrees:spruce_seed":17,"minecraft:diorite":10,"minecraft:mossy_stone_bricks":3,"minecraft:stone_pickaxe":358,"minecraft:oak_planks":7,"minecraft:wooden_pickaxe":36,"minecraft:sandstone":10,"minecraft:respawn_anchor":1,"minecraft:dark_oak_trapdoor":1,"cwsr:wind_boom":249,"minecraft:sand":7,"minecraft:sticky_piston":2,"minecraft:dark_oak_log":8,"minecraft:bread":198,"livingthings:lion":2,"farmersdelight:ham":12,"minecraft:gravel":4,"minecraft:diamond_sword":753,"minecraft:andesite":13,"nethers_delight:hoglin_loin":1,"minecraft:oak_boat":1,"minecraft:bone_meal":19,"minecraft:golden_pickaxe":32,"minecraft:cobweb":6,"minecraft:netherite_sword":72,"iceandfire:desert_myrmex_cocoon":1,"minecraft:stone_sword":102,"minecraft:spruce_planks":375,"dynamictrees:oak_seed":11,"minecraft:stone_hoe":11,"minecraft:cooked_chicken":2,"minecraft:netherrack":1313,"minecraft:torch":21,"minecraft:dirt":87,"minecraft:granite":37,"iceandfire:myrmex_resin_desert":1,"minecraft:purple_banner":1,"minecraft:iron_hoe":34,"blue_skies:zeal_lighter":145,"minecraft:dark_oak_planks":79,"minecraft:stone_brick_slab":55,"minecraft:wooden_axe":3,"minecraft:iron_axe":54,"minecraft:crimson_planks":3,"minecraft:glowstone":2,"minecraft:beef":1,"comforts:sleeping_bag_white":24,"minecraft:cooked_beef":4,"minecraft:cooked_mutton":34,"minecraft:water_bucket":44,"minecraft:baked_potato":1,"farmersdelight:golden_knife":1,"minecraft:stonecutter":1,"minecraft:cracked_stone_bricks":1,"minecraft:polished_blackstone_bricks":3,"minecraft:tnt":10,"minecraft:crafting_table":23,"minecraft:white_bed":7,"nethers_delight:hoglin_sirloin":25,"minecraft:cod":3,"minecraft:spruce_log":3,"farmersdelight:smoked_ham":5,"minecraft:diamond_pickaxe":1677,"minecraft:apple":1,"minecraft:iron_pickaxe":1150,"minecraft:netherite_axe":83,"cwsr:ender_sword":7,"minecraft:spruce_sapling":17,"minecraft:stone_axe":46,"blue_skies:cooked_horizofin_tunid":1,"minecraft:cobblestone":57,"minecraft:potion":1,"minecraft:porkchop":2,"minecraft:bucket":55,"minecraft:yellow_bed":2,"livingthings:cooked_elephant":1},"minecraft:crafted":{"minecraft:oak_planks":396,"minecraft:dark_oak_boat":14,"cwsr:ender_wind":1,"minecraft:cooked_chicken":2,"cwsr:ender_thunder":1,"sophisticatedbackpacks:crafting_upgrade":1,"cwsr:wind_boom":1,"minecraft:cooked_mutton":36,"aquaculture:fish_fillet_raw":49,"sophisticatedbackpacks:smelting_upgrade":2,"minecraft:hopper":6,"minecraft:iron_boots":2,"minecraft:chest":143,"livingthings:cooked_elephant":2,"minecraft:stone_hoe":1,"minecraft:respawn_anchor":1,"dynamictrees:dirt_bucket":1,"blue_skies:blue_journal":2,"minecraft:item_frame":33,"minecraft:crafting_table":17,"minecraft:spruce_planks":1160,"minecraft:wooden_pickaxe":4,"minecraft:iron_helmet":2,"minecraft:golden_pickaxe":1,"sophisticatedbackpacks:upgrade_base":4,"livingthings:cooked_crab":1,"minecraft:iron_chestplate":4,"minecraft:diamond_pickaxe":1,"minecraft:charcoal":1,"minecraft:shield":3,"sophisticatedbackpacks:diamond_backpack":1,"minecraft:stick":200,"minecraft:iron_ingot":40,"sophisticatedbackpacks:auto_smelting_upgrade":2,"minecraft:iron_pickaxe":5,"minecraft:stone_sword":2,"minecraft:gold_ingot":60,"sophisticatedbackpacks:filter_upgrade":1,"minecraft:iron_nugget":9,"comforts:sleeping_bag_white":1,"minecraft:furnace":8,"blue_skies:zeal_lighter":2,"minecraft:bone_meal":30,"blue_skies:cooked_carabeef":12,"cwsr:time_sword":1,"minecraft:iron_axe":1,"cwsr:ender_sword":1,"minecraft:stone_pickaxe":4,"aquaculture:fish_fillet_cooked":32,"aquaculture:gold_fillet_knife":2,"minecraft:spruce_sapling":5,"minecraft:dark_oak_planks":364,"minecraft:golden_helmet":3,"cwsr:sword_handle":5,"minecraft:wheat":396,"minecraft:crimson_planks":40,"livingthings:cooked_lion":1,"minecraft:brown_mushroom":10,"minecraft:iron_sword":3,"sophisticatedbackpacks:gold_backpack":1,"minecraft:bucket":2,"minecraft:stone_axe":3,"minecraft:bread":134,"minecraft:air":0,"minecraft:oak_boat":1,"sophisticatedbackpacks:advanced_filter_upgrade":1,"minecraft:wooden_axe":1,"minecraft:iron_leggings":2,"minecraft:stonecutter":1,"minecraft:white_bed":3,"minecraft:acacia_planks":8,"minecraft:torch":28},"minecraft:broken":{"minecraft:golden_helmet":2,"minecraft:iron_boots":3,"minecraft:iron_chestplate":1,"minecraft:iron_leggings":3,"minecraft:stone_pickaxe":1,"minecraft:diamond_pickaxe":1,"minecraft:wooden_axe":1,"mowziesmobs:barakoa_mask_fury":1,"mowziesmobs:barakoa_mask_bliss":1,"minecraft:shield":1,"minecraft:leather_boots":1,"minecraft:iron_pickaxe":3,"minecraft:iron_helmet":2,"minecraft:golden_pickaxe":1},"minecraft:custom":{"minecraft:interact_with_crafting_table":132,"minecraft:open_barrel":66,"minecraft:leave_game":40,"minecraft:time_since_death":63438,"minecraft:damage_resisted":18,"minecraft:sprint_one_cm":1661297,"minecraft:damage_blocked_by_shield":5560,"minecraft:drop":314,"minecraft:talked_to_villager":10,"minecraft:deaths":77,"minecraft:jump":10336,"minecraft:walk_on_water_one_cm":111830,"minecraft:interact_with_furnace":87,"minecraft:traded_with_villager":4,"minecraft:play_one_minute":977755,"minecraft:sleep_in_bed":31,"minecraft:damage_dealt":74200,"minecraft:player_kills":8,"minecraft:crouch_one_cm":184059,"minecraft:interact_with_smoker":3,"minecraft:mob_kills":645,"minecraft:damage_dealt_resisted":797,"minecraft:climb_one_cm":32381,"minecraft:walk_one_cm":1555181,"minecraft:damage_dealt_absorbed":483,"minecraft:sneak_time":61152,"minecraft:walk_under_water_one_cm":110553,"minecraft:boat_one_cm":1952127,"minecraft:tune_noteblock":7,"minecraft:interact_with_stonecutter":9,"minecraft:time_since_rest":8210,"minecraft:damage_taken":2147483647,"minecraft:trigger_trapped_chest":1,"minecraft:swim_one_cm":183553,"minecraft:fly_one_cm":3100508,"minecraft:open_chest":274,"minecraft:fall_one_cm":509175},"minecraft:killed_by":{"minecraft:zombie_villager":1,"minecraft:piglin_brute":2,"iceandfire:cyclops":3,"minecraft:creeper":2,"livingthings:lion":1,"iceandfire:sea_serpent":8,"minecraft:vindicator":1,"minecraft:piglin":2,"minecraft:zombie":5,"livingthings:elephant":2,"iceandfire:myrmex_soldier":1,"mowziesmobs:barakoan_barakoana":1,"mowziesmobs:barakoana":1,"iceandfire:fire_dragon":2,"minecraft:player":25,"livingthings:nether_knight":2,"iceandfire:gorgon":1,"minecraft:skeleton":6,"livingthings:shark":4,"iceandfire:cockatrice":3,"iceandfire:myrmex_sentinel":3},"minecraft:killed":{"blue_skies:armored_frost_spirit":4,"mowziesmobs:barakoan_barakoana":3,"iceandfire:hippogryph":1,"minecraft:zombified_piglin":26,"minecraft:witch":2,"blue_skies:frost_spirit":3,"minecraft:spider":29,"blue_skies:azulfo":4,"minecraft:skeleton":101,"livingthings:lion":2,"blue_skies:diophyde_prowler":2,"minecraft:chicken":7,"minecraft:silverfish":30,"livingthings:shark":5,"minecraft:piglin_brute":21,"iceandfire:myrmex_worker":5,"minecraft:magma_cube":5,"minecraft:piglin":40,"minecraft:parrot":11,"minecraft:pig":5,"minecraft:zombie_villager":6,"minecraft:creeper":17,"iceandfire:cockatrice":1,"minecraft:sheep":14,"minecraft:trader_llama":3,"minecraft:pillager":31,"minecraft:zombie":104,"minecraft:ghast":1,"iceandfire:sea_serpent":5,"minecraft:blaze":8,"minecraft:cow":6,"livingthings:snail":2,"minecraft:endermite":2,"minecraft:vindicator":11,"livingthings:raccoon":11,"livingthings:nether_knight":7,"iceandfire:siren":4,"blue_skies:gatekeeper":1,"livingthings:crab":2,"minecraft:drowned":5,"iceandfire:deathworm":3,"blue_skies:polargeist":1,"iceandfire:myrmex_sentinel":1,"minecraft:husk":6,"iceandfire:cyclops":1,"minecraft:bat":2,"minecraft:wandering_trader":1,"minecraft:hoglin":44,"iceandfire:myrmex_soldier":2,"iceandfire:ghost":2,"minecraft:wither_skeleton":7,"minecraft:villager":1,"livingthings:elephant":2,"minecraft:enderman":6}},"DataVersion":2586}