{"stats":{"minecraft:killed":{"iceandfire:gorgon":1,"minecraft:spider":4,"mowziesmobs:lantern":3,"minecraft:skeleton":7,"livingthings:lion":2,"minecraft:zombie":5,"minecraft:chicken":3},"minecraft:picked_up":{"iceandfire:deathworm_egg":1,"livingthings:lion":2,"minecraft:crafting_table":6,"minecraft:chicken":2,"iceandfire:fire_lily":1,"minecraft:leather":1,"minecraft:dark_oak_boat":4,"minecraft:lead":1,"minecraft:wooden_pickaxe":2,"minecraft:potato":1,"mowziesmobs:glowing_jelly":5,"minecraft:stone_brick_stairs":2,"minecraft:oak_log":3,"gravestone:obituary":4,"minecraft:shield":1,"minecraft:dirt":172,"minecraft:string":6,"minecraft:cooked_mutton":1,"minecraft:bone":12,"minecraft:stone_bricks":18,"minecraft:kelp":2,"minecraft:cracked_stone_bricks":1,"minecraft:wheat_seeds":4,"dynamictrees:dark_oak_seed":2,"minecraft:mossy_stone_bricks":1,"minecraft:iron_sword":1,"minecraft:furnace":3,"minecraft:egg":1,"minecraft:dark_oak_sapling":4,"minecraft:stick":5,"minecraft:stone_brick_slab":1,"minecraft:gravel":1,"minecraft:sand":8,"minecraft:redstone":3,"minecraft:dark_oak_log":326,"minecraft:spider_eye":1,"minecraft:dark_oak_planks":55,"livingthings:cooked_elephant":1,"minecraft:arrow":10,"minecraft:rotten_flesh":10,"livingthings:elephant":2,"iceandfire:gorgon_head":2,"minecraft:coal":100,"minecraft:skeleton_skull":3,"minecraft:cobblestone":57},"minecraft:mined":{"minecraft:dark_oak_planks":1,"minecraft:dark_oak_log":16,"minecraft:stone_brick_slab":1,"minecraft:crafting_table":5,"gravestone:gravestone":21,"dynamictrees:acacia_leaves":3,"minecraft:grass_block":20,"minecraft:dead_bush":1,"minecraft:mushroom_stem":2,"iceandfire:fire_lily":1,"minecraft:tall_grass":2,"minecraft:cobblestone":2,"minecraft:kelp":2,"minecraft:seagrass":2,"minecraft:skeleton_skull":1,"minecraft:tall_seagrass":2,"minecraft:furnace":3,"minecraft:grass":34,"minecraft:oak_log":3,"minecraft:coal_ore":35,"minecraft:vine":1,"minecraft:dark_oak_sapling":1,"minecraft:gravel":1,"minecraft:sand":9,"minecraft:dirt":122,"minecraft:cracked_stone_bricks":1,"minecraft:stone":57,"minecraft:stone_bricks":13,"minecraft:mossy_stone_bricks":1},"minecraft:crafted":{"minecraft:oak_planks":12,"livingthings:cooked_lion":1,"minecraft:dark_oak_boat":1,"minecraft:crafting_table":7,"minecraft:wooden_pickaxe":2,"minecraft:cooked_chicken":2,"minecraft:furnace":1,"minecraft:dark_oak_button":1,"minecraft:stone_axe":3,"minecraft:cooked_mutton":2,"minecraft:air":0,"minecraft:oak_boat":1,"minecraft:white_wool":1,"minecraft:stick":16,"minecraft:stone_pickaxe":2,"minecraft:stone_sword":1,"livingthings:cooked_elephant":2,"minecraft:dark_oak_planks":192,"minecraft:torch":4},"minecraft:custom":{"minecraft:interact_with_furnace":13,"minecraft:mob_kills":25,"minecraft:interact_with_crafting_table":20,"minecraft:play_one_minute":164357,"minecraft:leave_game":11,"minecraft:time_since_death":7976,"minecraft:climb_one_cm":2011,"minecraft:time_since_rest":8002,"minecraft:sprint_one_cm":296576,"minecraft:damage_taken":2147483647,"minecraft:walk_one_cm":265848,"minecraft:damage_blocked_by_shield":650,"minecraft:drop":29,"minecraft:damage_dealt":4864,"minecraft:swim_one_cm":197759,"minecraft:fly_one_cm":273553,"minecraft:crouch_one_cm":2161,"minecraft:deaths":21,"minecraft:sneak_time":1534,"minecraft:walk_under_water_one_cm":55755,"minecraft:boat_one_cm":1173648,"minecraft:jump":1465,"minecraft:walk_on_water_one_cm":45554,"minecraft:fall_one_cm":37021},"minecraft:killed_by":{"iceandfire:gorgon":2,"minecraft:player":3,"minecraft:skeleton":1,"minecraft:spider":2,"minecraft:zombie":5,"livingthings:elephant":2,"livingthings:shark":3,"livingthings:lion":2,"minecraft:drowned":1},"minecraft:broken":{"minecraft:stone_axe":2},"minecraft:dropped":{"minecraft:wheat_seeds":2,"minecraft:crafting_table":1,"minecraft:cobblestone":1,"gravestone:obituary":23,"minecraft:spider_eye":1,"minecraft:stone_brick_slab":1,"minecraft:redstone":3},"minecraft:used":{"minecraft:cooked_mutton":1,"minecraft:stone_sword":64,"minecraft:stone_pickaxe":90,"minecraft:wooden_pickaxe":32,"minecraft:shield":13,"minecraft:iron_sword":55,"minecraft:cooked_chicken":2,"minecraft:rotten_flesh":10,"minecraft:dirt":47,"minecraft:sand":2,"minecraft:crafting_table":8,"mowziesmobs:glowing_jelly":5,"minecraft:dark_oak_planks":60,"minecraft:stone_bricks":3,"minecraft:stone_axe":18,"livingthings:cooked_lion":1,"minecraft:cobblestone":1,"minecraft:dark_oak_boat":1,"minecraft:furnace":3,"minecraft:egg":1,"iceandfire:fire_lily":1,"dynamictrees:dark_oak_seed":2,"minecraft:oak_boat":1,"minecraft:dark_oak_sapling":3}},"DataVersion":2586}