{"stats":{"minecraft:crafted":{"minecraft:oak_planks":24,"minecraft:crafting_table":1,"minecraft:wooden_pickaxe":1,"minecraft:cooked_chicken":7,"minecraft:furnace":2,"minecraft:stone_axe":1,"minecraft:bread":57,"minecraft:cooked_mutton":2,"minecraft:air":0,"minecraft:flint_and_steel":1,"minecraft:jungle_planks":16,"minecraft:stone_pickaxe":1,"minecraft:stone_sword":1,"minecraft:wheat":171},"minecraft:killed_by":{"minecraft:husk":5,"monsterplus:overgrown_skeleton":2,"minecraft:skeleton":1,"minecraft:creeper":2,"minecraft:spider":1,"minecraft:zombie":2},"minecraft:used":{"minecraft:wheat_seeds":5,"minecraft:cooked_mutton":2,"minecraft:stone_sword":23,"minecraft:water_bucket":4,"minecraft:red_sand":12,"minecraft:stone_pickaxe":16,"minecraft:oak_planks":5,"minecraft:cactus":7,"minecraft:wooden_pickaxe":60,"minecraft:sandstone":1,"minecraft:cooked_chicken":7,"minecraft:glow_berries":1,"minecraft:dirt":4,"minecraft:sand":16,"minecraft:crafting_table":4,"minecraft:white_bed":1,"mcwwindows:cobblestone_arrow_slit":1,"minecraft:oak_log":2,"minecraft:lava_bucket":3,"minecraft:bread":14,"minecraft:melon_slice":12,"minecraft:gravel":23,"minecraft:stone_axe":69,"minecraft:furnace":1,"minecraft:oak_sapling":1,"minecraft:porkchop":2,"bosses_of_mass_destruction:levitation_block":2,"minecraft:bucket":6,"mcwwindows:oak_plank_window2":2},"minecraft:broken":{"minecraft:wooden_pickaxe":1},"minecraft:custom":{"minecraft:interact_with_furnace":10,"minecraft:mob_kills":21,"minecraft:interact_with_crafting_table":11,"minecraft:bell_ring":1,"minecraft:leave_game":10,"minecraft:time_since_death":835,"minecraft:sleep_in_bed":2,"minecraft:climb_one_cm":5102,"minecraft:time_since_rest":870,"minecraft:sprint_one_cm":207927,"minecraft:damage_taken":4717,"minecraft:walk_one_cm":257706,"minecraft:drop":7,"minecraft:damage_dealt":3673,"minecraft:swim_one_cm":17099,"minecraft:talked_to_villager":2,"minecraft:fly_one_cm":399570,"minecraft:open_chest":8,"minecraft:crouch_one_cm":2352,"minecraft:play_time":113084,"minecraft:deaths":14,"minecraft:sneak_time":1963,"minecraft:walk_under_water_one_cm":8216,"minecraft:jump":1700,"minecraft:walk_on_water_one_cm":8303,"minecraft:inspect_dispenser":3,"minecraft:total_world_time":113084,"minecraft:fall_one_cm":40077},"minecraft:mined":{"minecraft:white_bed":3,"mcwwindows:cobblestone_arrow_slit":1,"minecraft:crafting_table":2,"minecraft:torch":1,"minecraft:short_grass":19,"minecraft:red_sand":13,"minecraft:grass_block":6,"minecraft:decorated_pot":3,"minecraft:melon":7,"minecraft:jungle_log":5,"minecraft:dead_bush":21,"minecraft:tall_grass":1,"minecraft:sugar_cane":1,"minecraft:oak_planks":5,"minecraft:sandstone":7,"minecraft:wall_torch":4,"minecraft:hay_block":18,"minecraft:cactus":6,"minecraft:furnace":1,"minecraft:wheat":5,"minecraft:suspicious_sand":2,"minecraft:oak_log":8,"minecraft:iron_bars":2,"minecraft:gravel":23,"minecraft:sand":34,"minecraft:dirt":14,"minecraft:bamboo":1,"minecraft:stone":46,"minecraft:tripwire":1,"minecraft:oak_leaves":5,"minecraft:fern":4},"minecraft:dropped":{"minecraft:stone_axe":1,"minecraft:decorated_pot":5,"travelersbackpack:gold_tier_upgrade":1},"minecraft:picked_up":{"minecraft:crafting_table":7,"minecraft:wheat":4,"minecraft:chicken":11,"minecraft:water_bucket":1,"minecraft:jungle_log":22,"minecraft:cut_sandstone":1,"minecraft:leather":4,"minecraft:wooden_pickaxe":2,"minecraft:potato":23,"minecraft:flint":1,"minecraft:oak_log":8,"minecraft:gunpowder":1,"travelersbackpack:gold_tier_upgrade":1,"minecraft:string":1,"minecraft:dirt":124,"minecraft:flint_and_steel":1,"minecraft:bone":18,"minecraft:stone_bricks":1,"minecraft:bow":1,"mcwwindows:cobblestone_arrow_slit":1,"minecraft:wheat_seeds":11,"minecraft:red_sand":18,"minecraft:beef":6,"minecraft:stone_pickaxe":4,"minecraft:jungle_sapling":6,"minecraft:bamboo":12,"minecraft:melon_slice":88,"minecraft:oak_planks":78,"minecraft:egg":8,"minecraft:furnace":2,"minecraft:stick":108,"minecraft:sandstone":44,"minecraft:gravel":23,"minecraft:porkchop":2,"minecraft:sand":132,"minecraft:jungle_planks":16,"minecraft:white_bed":3,"minecraft:stone_sword":1,"minecraft:arrow":16,"minecraft:cactus":33,"minecraft:rotten_flesh":23,"minecraft:diamond":1,"minecraft:decorated_pot":5,"minecraft:stone_axe":6,"realistictorches:unlit_torch":10,"minecraft:hay_block":19,"minecraft:bone_meal":2,"minecraft:saddle":1,"minecraft:bread":6,"minecraft:iron_bars":2,"minecraft:oak_sapling":29,"minecraft:glow_berries":1,"minecraft:mutton":2,"minecraft:white_wool":4,"minecraft:cobblestone":82},"minecraft:killed":{"minecraft:husk":9,"minecraft:pig":1,"minecraft:sheep":1,"minecraft:skeleton":4,"minecraft:zombie":2,"monsterplus:overgrown_skeleton":1,"minecraft:cow":1}},"DataVersion":3700}