{"stats":{"minecraft:killed":{"blue_skies:armored_frost_spirit":2,"minecraft:witch":4,"iceandfire:gorgon":1,"minecraft:spider":13,"minecraft:skeleton":39,"livingthings:lion":2,"minecraft:chicken":4,"minecraft:piglin_brute":13,"iceandfire:myrmex_worker":2,"minecraft:magma_cube":15,"minecraft:zombie_villager":2,"iceandfire:cockatrice":1,"minecraft:sheep":2,"mowziesmobs:lantern":3,"minecraft:pillager":9,"minecraft:zombie":51,"iceandfire:sea_serpent":1,"minecraft:cow":6,"livingthings:snail":1,"minecraft:vindicator":1,"minecraft:husk":3,"iceandfire:cyclops":2,"iceandfire:myrmex_soldier":1,"iceandfire:ghost":4,"minecraft:enderman":1},"minecraft:dropped":{"sophisticatedbackpacks:iron_backpack":1,"minecraft:iron_sword":1,"minecraft:diamond":2,"minecraft:crafting_table":9,"iceandfire:tide_trident":1,"minecraft:cracked_stone_bricks":1,"cwsr:ender_essence":1,"minecraft:gray_concrete":8,"cwsr:wind_boom":1,"minecraft:dark_oak_log":1,"iceandfire:myrmex_desert_chitin":2,"gravestone:obituary":45,"minecraft:gold_nugget":64,"cwsr:beast_essence":1,"minecraft:dark_oak_planks":4,"minecraft:dark_oak_boat":1,"minecraft:white_wool":2,"minecraft:bone":1,"minecraft:rotten_flesh":34,"minecraft:white_bed":1,"minecraft:poppy":1,"cwsr:thunder_essence":1,"comforts:sleeping_bag_white":1,"minecraft:iron_ingot":5,"minecraft:bread":65,"minecraft:wheat_seeds":141,"minecraft:oak_fence":1,"minecraft:cobblestone":1,"minecraft:lead":1,"cwsr:dark_essence":1,"iceandfire:cyclops_eye":1,"minecraft:spruce_stairs":1,"minecraft:coal":1,"minecraft:diamond_horse_armor":1,"minecraft:torch":1,"minecraft:potion":1,"minecraft:string":20,"minecraft:stone_brick_slab":1,"iceandfire:dragonbone":1,"minecraft:redstone":3,"minecraft:stone_sword":1,"sophisticatedbackpacks:backpack":1,"minecraft:potato":1,"minecraft:redstone_torch":1,"minecraft:spider_eye":1,"minecraft:sandstone":8,"minecraft:cyan_bed":2},"minecraft:killed_by":{"minecraft:zombie_villager":2,"iceandfire:cyclops":3,"minecraft:piglin_brute":2,"blue_skies:polargeist":1,"livingthings:lion":3,"minecraft:drowned":1,"iceandfire:sea_serpent":7,"minecraft:vindicator":3,"minecraft:zombie":5,"livingthings:elephant":2,"iceandfire:fire_dragon":3,"minecraft:player":12,"minecraft:spider":3,"iceandfire:gorgon":2,"minecraft:skeleton":3,"livingthings:shark":4,"iceandfire:ghost":3},"minecraft:custom":{"minecraft:interact_with_crafting_table":82,"minecraft:open_barrel":19,"minecraft:bell_ring":1,"minecraft:leave_game":36,"minecraft:time_since_death":11918,"minecraft:damage_resisted":446,"minecraft:sprint_one_cm":968113,"minecraft:damage_blocked_by_shield":3150,"minecraft:drop":115,"minecraft:talked_to_villager":11,"minecraft:deaths":60,"minecraft:jump":6156,"minecraft:walk_on_water_one_cm":108916,"minecraft:interact_with_furnace":21,"minecraft:play_one_minute":540868,"minecraft:sleep_in_bed":10,"minecraft:damage_dealt":39504,"minecraft:crouch_one_cm":25031,"minecraft:interact_with_smoker":13,"minecraft:inspect_dispenser":4,"minecraft:mob_kills":190,"minecraft:inspect_hopper":1,"minecraft:climb_one_cm":39286,"minecraft:walk_one_cm":1155037,"minecraft:sneak_time":13336,"minecraft:walk_under_water_one_cm":124627,"minecraft:boat_one_cm":1658281,"minecraft:tune_noteblock":86,"minecraft:interact_with_stonecutter":1,"minecraft:time_since_rest":11948,"minecraft:damage_taken":2147483647,"minecraft:damage_absorbed":14,"minecraft:trigger_trapped_chest":4,"minecraft:swim_one_cm":393053,"minecraft:fly_one_cm":1389020,"minecraft:open_chest":119,"minecraft:fall_one_cm":168740},"minecraft:crafted":{"minecraft:oak_planks":48,"minecraft:dark_oak_boat":2,"minecraft:cooked_chicken":2,"minecraft:cooked_mutton":20,"minecraft:iron_bars":16,"minecraft:iron_boots":1,"minecraft:chest":2,"livingthings:cooked_elephant":2,"minecraft:smoker":1,"sophisticatedbackpacks:backpack":2,"minecraft:crafting_table":10,"minecraft:wooden_pickaxe":2,"minecraft:iron_helmet":1,"minecraft:shield":1,"minecraft:stick":16,"minecraft:stone_sword":1,"minecraft:gold_ingot":56,"comforts:sleeping_bag_white":1,"minecraft:furnace":2,"minecraft:flint_and_steel":1,"minecraft:stone_pickaxe":2,"minecraft:dark_oak_planks":220,"minecraft:wheat":246,"sophisticatedbackpacks:iron_backpack":2,"livingthings:cooked_lion":1,"iceandfire:tide_trident":1,"sophisticatedbackpacks:gold_backpack":1,"minecraft:bucket":1,"minecraft:dark_oak_button":1,"minecraft:stone_axe":3,"minecraft:bread":167,"minecraft:air":0,"minecraft:oak_boat":3,"minecraft:white_wool":3,"minecraft:iron_leggings":1,"minecraft:white_bed":1,"minecraft:torch":4},"minecraft:mined":{"minecraft:dark_oak_planks":2,"minecraft:stone_pressure_plate":1,"iceandfire:graveyard_soil":1,"minecraft:grass_block":39,"minecraft:hopper":2,"minecraft:spawner":5,"comforts:sleeping_bag_white":1,"minecraft:tall_seagrass":2,"blue_skies:blue_fire":3,"minecraft:fire":16,"iceandfire:gold_pile":43,"minecraft:light_gray_concrete":4,"minecraft:tripwire":2,"minecraft:smoker":2,"minecraft:orange_terracotta":1,"minecraft:chiseled_quartz_block":1,"minecraft:torch":2,"iceandfire:ghost_chest":1,"minecraft:dead_bush":1,"minecraft:mushroom_stem":3,"iceandfire:fire_lily":1,"minecraft:cobblestone":2,"minecraft:cyan_bed":16,"minecraft:wall_torch":6,"minecraft:skeleton_skull":1,"minecraft:seagrass":3,"minecraft:blue_terracotta":1,"minecraft:light_gray_stained_glass":6,"minecraft:wheat":128,"iceandfire:podium_birch":1,"minecraft:grass":62,"minecraft:oak_log":12,"minecraft:dark_oak_sapling":1,"minecraft:sand":29,"minecraft:dirt":131,"minecraft:oak_leaves":2,"minecraft:redstone_lamp":2,"minecraft:dark_oak_log":19,"gravestone:gravestone":57,"minecraft:kelp":2,"minecraft:sandstone":7,"minecraft:hay_block":29,"minecraft:black_stained_glass_pane":6,"minecraft:furnace":5,"blue_skies:crescent_fruit":1,"minecraft:vine":2,"minecraft:packed_ice":1,"minecraft:stone":85,"minecraft:bone_block":30,"minecraft:redstone_wall_torch":3,"minecraft:gray_concrete":8,"blue_skies:turquoise_grass":6,"minecraft:stone_brick_slab":1,"minecraft:oak_fence":1,"minecraft:crafting_table":21,"dynamictrees:acacia_leaves":4,"minecraft:tall_grass":4,"minecraft:diorite":3,"minecraft:spruce_stairs":1,"minecraft:light_blue_bed":1,"minecraft:beehive":1,"minecraft:redstone_torch":2,"minecraft:bee_nest":1,"minecraft:coal_ore":35,"minecraft:gravel":1,"minecraft:cobweb":7,"minecraft:cracked_stone_bricks":4,"minecraft:stone_bricks":18,"minecraft:mossy_stone_bricks":1},"minecraft:used":{"iceandfire:tide_trident":1,"minecraft:shield":96,"minecraft:iron_sword":200,"minecraft:rotten_flesh":12,"minecraft:packed_ice":1,"minecraft:lava_bucket":9,"minecraft:grass_block":1,"minecraft:light_blue_bed":1,"minecraft:stone_bricks":21,"livingthings:cooked_lion":1,"minecraft:redstone_lamp":2,"minecraft:dark_oak_boat":2,"minecraft:oak_sapling":1,"minecraft:furnace":5,"minecraft:egg":1,"minecraft:dark_oak_sapling":3,"minecraft:stone_pickaxe":166,"minecraft:oak_planks":3,"minecraft:wooden_pickaxe":32,"minecraft:sandstone":1,"minecraft:sand":2,"cwsr:cyan_sword":9,"minecraft:redstone_torch":7,"blue_skies:brewberry":3,"minecraft:light_gray_concrete":4,"minecraft:cyan_bed":15,"minecraft:bread":149,"minecraft:string":3,"minecraft:diamond_sword":679,"iceandfire:fire_lily":1,"minecraft:oak_boat":3,"minecraft:netherite_sword":10,"minecraft:stone_sword":64,"minecraft:flint_and_steel":20,"minecraft:cooked_chicken":2,"minecraft:torch":23,"minecraft:dirt":81,"mowziesmobs:glowing_jelly":5,"minecraft:dark_oak_planks":60,"iceandfire:podium_birch":1,"comforts:sleeping_bag_white":3,"dynamictrees:dark_oak_seed":2,"minecraft:stone_pressure_plate":1,"minecraft:orange_terracotta":1,"minecraft:wheat_seeds":105,"minecraft:cooked_mutton":18,"minecraft:water_bucket":16,"minecraft:crafting_table":28,"minecraft:smoker":2,"minecraft:apple":1,"minecraft:oxeye_daisy":1,"minecraft:chicken":1,"minecraft:iron_pickaxe":60,"iceandfire:graveyard_soil":1,"blue_skies:crescent_fruit":1,"minecraft:stone_axe":37,"minecraft:cobblestone":1,"minecraft:bucket":27,"livingthings:cooked_elephant":3},"minecraft:picked_up":{"iceandfire:deathworm_egg":1,"minecraft:iron_chestplate":3,"minecraft:wheat":181,"iceandfire:copper_sword":2,"minecraft:lead":1,"minecraft:diamond_sword":1,"minecraft:potion":2,"minecraft:stone_brick_stairs":2,"minecraft:string":40,"cwsr:ender_essence":1,"dynamictrees:dark_oak_seed":2,"minecraft:gold_nugget":566,"comforts:sleeping_bag_white":4,"minecraft:redstone_torch":5,"minecraft:furnace":5,"minecraft:iron_boots":2,"minecraft:stick":11,"iceandfire:ghost_chest":1,"minecraft:oak_fence":1,"minecraft:torch":13,"minecraft:spruce_stairs":1,"minecraft:stone_sword":1,"minecraft:rotten_flesh":99,"iceandfire:myrmex_desert_chitin":2,"mowziesmobs:barakoa_mask_misery":1,"minecraft:cobblestone":92,"blue_skies:crescent_fruit":1,"blue_skies:brewberry":3,"cwsr:dark_essence":1,"minecraft:dark_oak_boat":6,"mowziesmobs:barakoa_mask_fury":1,"minecraft:smoker":2,"minecraft:potato":22,"minecraft:flint":1,"minecraft:gray_concrete":8,"minecraft:dirt":227,"cwsr:beast_essence":1,"minecraft:bone":61,"minecraft:wheat_seeds":155,"minecraft:mossy_stone_bricks":1,"minecraft:oak_planks":6,"iceandfire:dragon_skull_fire":1,"minecraft:sand":17,"dynamictrees:acacia_seed":1,"minecraft:grass_block":1,"minecraft:cyan_bed":18,"minecraft:dark_oak_log":330,"minecraft:light_gray_concrete":4,"blue_skies:pine_fruit_seeds":1,"minecraft:blue_terracotta":1,"minecraft:diamond":1,"minecraft:crossbow":1,"minecraft:emerald":1,"minecraft:bread":21,"livingthings:elephant":2,"iceandfire:gorgon_head":2,"iceandfire:tide_trident":1,"minecraft:oak_sapling":2,"iceandfire:copper_ingot":1,"livingthings:lion":2,"minecraft:crafting_table":29,"cwsr:thunder_essence":1,"iceandfire:witherbone":1,"minecraft:chicken":4,"minecraft:ladder":2,"minecraft:redstone_lamp":2,"iceandfire:fire_lily":1,"blue_skies:blue_journal":1,"minecraft:packed_ice":1,"minecraft:wooden_pickaxe":2,"mowziesmobs:glowing_jelly":5,"minecraft:diamond_horse_armor":1,"minecraft:chain":1,"gravestone:obituary":17,"minecraft:shield":2,"cwsr:wind_boom":1,"minecraft:blue_orchid":1,"minecraft:cracked_stone_bricks":2,"iceandfire:graveyard_soil":1,"iceandfire:bestiary":1,"minecraft:beef":22,"minecraft:poppy":2,"minecraft:egg":3,"minecraft:dark_oak_sapling":4,"iceandfire:dragonbone":43,"minecraft:sandstone":25,"sophisticatedbackpacks:backpack":1,"minecraft:redstone":3,"minecraft:light_blue_bed":2,"minecraft:stone_pressure_plate":1,"minecraft:dark_oak_planks":66,"iceandfire:silver_ingot":1,"minecraft:arrow":44,"iceandfire:cyclops_eye":1,"minecraft:hay_block":29,"minecraft:gold_ingot":2,"minecraft:white_wool":7,"minecraft:skeleton_skull":3,"minecraft:mutton":3,"minecraft:bone_block":30,"minecraft:oxeye_daisy":1,"iceandfire:sea_serpent_fang":4,"minecraft:leather":17,"minecraft:oak_log":12,"iceandfire:ectoplasm":1,"minecraft:orange_terracotta":2,"minecraft:cooked_mutton":4,"minecraft:apple":1,"minecraft:stone_bricks":21,"minecraft:kelp":2,"minecraft:rabbit_hide":1,"minecraft:stone_pickaxe":1,"minecraft:iron_ingot":5,"minecraft:cobweb":5,"minecraft:iron_sword":2,"minecraft:book":13,"blue_skies:winter_leaf_seeds":1,"iceandfire:podium_birch":1,"minecraft:stone_brick_slab":1,"minecraft:gravel":1,"mowziesmobs:barakoa_mask_bliss":1,"minecraft:spider_eye":4,"livingthings:cooked_elephant":1,"minecraft:slime_ball":1,"minecraft:iron_helmet":2,"iceandfire:sea_serpent_scales_red":14,"minecraft:coal":101},"minecraft:broken":{"minecraft:iron_boots":3,"minecraft:iron_chestplate":3,"minecraft:iron_leggings":2,"minecraft:stone_pickaxe":1,"minecraft:stone_axe":2,"mowziesmobs:barakoa_mask_misery":1,"minecraft:chainmail_helmet":1,"minecraft:shield":1,"minecraft:iron_helmet":1}},"DataVersion":2586}