{"stats":{"minecraft:crafted":{"minecraft:oak_planks":24,"minecraft:crafting_table":2,"minecraft:cooked_chicken":7,"minecraft:wooden_pickaxe":1,"minecraft:furnace":2,"minecraft:stone_axe":1,"minecraft:bread":57,"minecraft:cooked_mutton":2,"minecraft:air":0,"minecraft:jungle_planks":20,"minecraft:flint_and_steel":1,"minecraft:stone_pickaxe":2,"minecraft:stone_sword":1,"minecraft:wheat":171},"minecraft:killed_by":{"minecraft:husk":11,"monsterplus:overgrown_skeleton":2,"minecraft:skeleton":6,"minecraft:creeper":2,"minecraft:spider":1,"minecraft:zombie":2},"minecraft:used":{"minecraft:cooked_mutton":2,"minecraft:stone_sword":32,"minecraft:wheat_seeds":5,"minecraft:water_bucket":4,"minecraft:red_sand":12,"minecraft:flint_and_steel":3,"minecraft:stone_pickaxe":21,"minecraft:oak_planks":5,"minecraft:cactus":7,"minecraft:wooden_pickaxe":60,"minecraft:sandstone":1,"minecraft:cooked_chicken":7,"minecraft:glow_berries":1,"minecraft:sand":20,"minecraft:dirt":4,"minecraft:crafting_table":5,"minecraft:white_bed":1,"mcwwindows:cobblestone_arrow_slit":1,"minecraft:oak_log":2,"minecraft:lava_bucket":4,"minecraft:bread":14,"minecraft:melon_slice":14,"minecraft:gravel":23,"minecraft:stone_axe":72,"minecraft:oak_sapling":1,"minecraft:furnace":1,"minecraft:porkchop":2,"bosses_of_mass_destruction:levitation_block":2,"minecraft:bucket":8,"mcwwindows:oak_plank_window2":2},"minecraft:broken":{"minecraft:wooden_pickaxe":1},"minecraft:custom":{"minecraft:interact_with_furnace":10,"minecraft:mob_kills":24,"minecraft:interact_with_crafting_table":12,"minecraft:bell_ring":1,"minecraft:leave_game":11,"minecraft:time_since_death":394,"minecraft:sleep_in_bed":2,"minecraft:climb_one_cm":5102,"minecraft:time_since_rest":418,"minecraft:sprint_one_cm":229199,"minecraft:damage_taken":7607,"minecraft:walk_one_cm":315294,"minecraft:drop":7,"minecraft:damage_dealt":4291,"minecraft:swim_one_cm":17099,"minecraft:talked_to_villager":2,"minecraft:fly_one_cm":430928,"minecraft:open_chest":9,"minecraft:crouch_one_cm":2352,"minecraft:play_time":124181,"minecraft:deaths":25,"minecraft:sneak_time":1963,"minecraft:walk_under_water_one_cm":8216,"minecraft:jump":1913,"minecraft:walk_on_water_one_cm":8303,"minecraft:inspect_dispenser":3,"minecraft:fall_one_cm":44211,"minecraft:total_world_time":124181},"minecraft:dropped":{"minecraft:stone_axe":1,"minecraft:decorated_pot":5,"travelersbackpack:gold_tier_upgrade":1},"minecraft:mined":{"minecraft:cut_sandstone_slab":1,"minecraft:cut_sandstone":3,"minecraft:white_bed":3,"mcwwindows:cobblestone_arrow_slit":1,"minecraft:crafting_table":3,"minecraft:torch":1,"minecraft:short_grass":19,"minecraft:red_sand":13,"minecraft:grass_block":6,"minecraft:melon":7,"minecraft:decorated_pot":3,"minecraft:jungle_log":5,"minecraft:dead_bush":21,"minecraft:tall_grass":1,"minecraft:oak_planks":5,"minecraft:sugar_cane":1,"minecraft:sandstone":7,"minecraft:wall_torch":4,"minecraft:spawner":1,"minecraft:hay_block":18,"minecraft:cactus":6,"minecraft:furnace":1,"minecraft:wheat":5,"minecraft:suspicious_sand":2,"minecraft:oak_log":8,"minecraft:iron_bars":2,"minecraft:gravel":23,"minecraft:sand":46,"minecraft:dirt":14,"minecraft:bamboo":1,"minecraft:stone":46,"minecraft:tripwire":1,"minecraft:oak_leaves":5,"minecraft:fern":4},"minecraft:picked_up":{"minecraft:crafting_table":8,"minecraft:wheat":4,"minecraft:chicken":11,"minecraft:water_bucket":1,"minecraft:jungle_log":42,"minecraft:cut_sandstone":2,"minecraft:leather":4,"minecraft:wooden_pickaxe":2,"minecraft:potato":23,"minecraft:flint":1,"minecraft:oak_log":17,"minecraft:gunpowder":1,"travelersbackpack:gold_tier_upgrade":2,"minecraft:string":1,"minecraft:dirt":124,"minecraft:flint_and_steel":1,"minecraft:bone":71,"minecraft:stone_bricks":1,"minecraft:bow":2,"minecraft:wheat_seeds":11,"mcwwindows:cobblestone_arrow_slit":1,"minecraft:red_sand":18,"minecraft:bucket":1,"minecraft:beef":6,"minecraft:stone_pickaxe":4,"minecraft:jungle_sapling":6,"minecraft:bamboo":12,"minecraft:melon_slice":88,"minecraft:oak_planks":78,"minecraft:furnace":2,"minecraft:egg":8,"minecraft:stick":110,"minecraft:sandstone":44,"minecraft:gravel":23,"minecraft:porkchop":2,"minecraft:sand":144,"minecraft:jungle_planks":16,"minecraft:white_bed":3,"minecraft:stone_sword":1,"minecraft:arrow":21,"minecraft:cactus":33,"minecraft:rotten_flesh":40,"minecraft:diamond":6,"minecraft:decorated_pot":6,"minecraft:stone_axe":6,"realistictorches:unlit_torch":10,"minecraft:hay_block":19,"minecraft:bone_meal":2,"minecraft:saddle":1,"minecraft:bread":6,"minecraft:oak_sapling":29,"minecraft:glow_berries":1,"minecraft:mutton":2,"minecraft:iron_bars":2,"minecraft:white_wool":4,"minecraft:cobblestone":85},"minecraft:killed":{"minecraft:husk":12,"minecraft:pig":1,"minecraft:sheep":1,"minecraft:skeleton":4,"minecraft:zombie":2,"monsterplus:overgrown_skeleton":1,"minecraft:cow":1}},"DataVersion":3700}