{"stats":{"minecraft:killed":{"minecraft:sheep":1,"minecraft:skeleton":1,"minecraft:zombie":2,"monsterplus:overgrown_skeleton":1,"minecraft:cow":1},"minecraft:custom":{"minecraft:interact_with_furnace":8,"minecraft:mob_kills":7,"minecraft:interact_with_crafting_table":4,"minecraft:leave_game":10,"minecraft:time_since_death":5239,"minecraft:climb_one_cm":3040,"minecraft:time_since_rest":5549,"minecraft:sprint_one_cm":132166,"minecraft:damage_taken":2926,"minecraft:walk_one_cm":136635,"minecraft:drop":1,"minecraft:damage_dealt":1239,"minecraft:swim_one_cm":7302,"minecraft:fly_one_cm":295744,"minecraft:crouch_one_cm":1505,"minecraft:play_time":77779,"minecraft:deaths":10,"minecraft:sneak_time":1520,"minecraft:walk_under_water_one_cm":5565,"minecraft:jump":1239,"minecraft:walk_on_water_one_cm":4665,"minecraft:total_world_time":77779,"minecraft:fall_one_cm":28074},"minecraft:picked_up":{"minecraft:crafting_table":6,"minecraft:chicken":11,"minecraft:water_bucket":1,"minecraft:jungle_log":22,"minecraft:leather":4,"minecraft:wooden_pickaxe":2,"minecraft:oak_log":8,"minecraft:dirt":118,"minecraft:bone":12,"minecraft:wheat_seeds":3,"minecraft:red_sand":18,"minecraft:beef":6,"minecraft:stone_pickaxe":2,"minecraft:jungle_sapling":6,"minecraft:bamboo":12,"minecraft:melon_slice":74,"minecraft:oak_planks":78,"minecraft:egg":8,"minecraft:furnace":2,"minecraft:stick":106,"minecraft:sandstone":38,"minecraft:jungle_planks":8,"minecraft:sand":114,"minecraft:arrow":9,"minecraft:cactus":33,"minecraft:rotten_flesh":6,"minecraft:stone_axe":4,"minecraft:oak_sapling":22,"minecraft:glow_berries":1,"minecraft:mutton":2,"minecraft:white_wool":3,"minecraft:cobblestone":50},"minecraft:used":{"minecraft:cooked_mutton":2,"minecraft:water_bucket":4,"minecraft:red_sand":12,"minecraft:oak_planks":5,"minecraft:cactus":7,"minecraft:wooden_pickaxe":45,"minecraft:glow_berries":1,"minecraft:dirt":4,"minecraft:sand":10,"minecraft:crafting_table":2,"minecraft:oak_log":2,"minecraft:melon_slice":12,"minecraft:stone_axe":25,"minecraft:furnace":1,"minecraft:oak_sapling":1,"bosses_of_mass_destruction:levitation_block":2,"minecraft:bucket":4,"mcwwindows:oak_plank_window2":2},"minecraft:mined":{"minecraft:crafting_table":1,"minecraft:short_grass":10,"minecraft:red_sand":13,"minecraft:grass_block":4,"minecraft:melon":7,"minecraft:jungle_log":5,"minecraft:dead_bush":21,"minecraft:sugar_cane":1,"minecraft:oak_planks":5,"minecraft:cactus":6,"minecraft:furnace":1,"minecraft:oak_log":8,"minecraft:sand":13,"minecraft:dirt":12,"minecraft:bamboo":1,"minecraft:stone":32,"minecraft:oak_leaves":5,"minecraft:fern":4},"minecraft:killed_by":{"minecraft:husk":1,"monsterplus:overgrown_skeleton":2,"minecraft:skeleton":1,"minecraft:creeper":2,"minecraft:spider":1,"minecraft:zombie":2},"minecraft:crafted":{"minecraft:oak_planks":24,"minecraft:crafting_table":1,"minecraft:wooden_pickaxe":1,"minecraft:furnace":1,"minecraft:stone_axe":1,"minecraft:cooked_mutton":2,"minecraft:air":0,"minecraft:jungle_planks":8,"minecraft:stone_pickaxe":1},"minecraft:dropped":{"minecraft:stone_axe":1}},"DataVersion":3700}