{"stats":{"minecraft:killed":{"blue_skies:armored_frost_spirit":2,"livingthings:snail":1,"minecraft:witch":4,"minecraft:spider":7,"iceandfire:gorgon":1,"minecraft:vindicator":1,"minecraft:skeleton":14,"livingthings:lion":2,"minecraft:chicken":3,"minecraft:piglin_brute":2,"iceandfire:myrmex_worker":2,"minecraft:husk":2,"minecraft:zombie_villager":1,"iceandfire:cockatrice":1,"mowziesmobs:lantern":3,"minecraft:pillager":7,"minecraft:zombie":6,"iceandfire:myrmex_soldier":1,"minecraft:cow":6},"minecraft:dropped":{"minecraft:bread":65,"minecraft:wheat_seeds":141,"minecraft:crafting_table":8,"minecraft:oak_fence":1,"minecraft:cobblestone":1,"minecraft:lead":1,"iceandfire:tide_trident":1,"minecraft:cracked_stone_bricks":1,"minecraft:spruce_stairs":1,"minecraft:coal":1,"minecraft:diamond_horse_armor":1,"iceandfire:myrmex_desert_chitin":2,"minecraft:potion":1,"gravestone:obituary":43,"minecraft:white_wool":1,"minecraft:bone":1,"minecraft:stone_brick_slab":1,"iceandfire:dragonbone":1,"minecraft:redstone":3,"minecraft:stone_sword":1,"minecraft:rotten_flesh":33,"sophisticatedbackpacks:backpack":1,"minecraft:poppy":1,"minecraft:potato":1,"minecraft:spider_eye":1},"minecraft:killed_by":{"minecraft:zombie_villager":2,"minecraft:player":6,"minecraft:spider":3,"blue_skies:polargeist":1,"livingthings:lion":3,"minecraft:drowned":1,"iceandfire:sea_serpent":2,"minecraft:vindicator":3,"iceandfire:gorgon":2,"minecraft:skeleton":2,"minecraft:zombie":5,"livingthings:elephant":2,"livingthings:shark":3,"iceandfire:fire_dragon":3},"minecraft:custom":{"minecraft:mob_kills":64,"minecraft:interact_with_crafting_table":37,"minecraft:open_barrel":10,"minecraft:bell_ring":1,"minecraft:leave_game":22,"minecraft:time_since_death":10415,"minecraft:climb_one_cm":9073,"minecraft:damage_resisted":446,"minecraft:sprint_one_cm":704769,"minecraft:walk_one_cm":681714,"minecraft:damage_blocked_by_shield":2200,"minecraft:drop":81,"minecraft:talked_to_villager":10,"minecraft:deaths":38,"minecraft:sneak_time":5770,"minecraft:walk_under_water_one_cm":71847,"minecraft:boat_one_cm":1265611,"minecraft:jump":4086,"minecraft:walk_on_water_one_cm":64919,"minecraft:interact_with_furnace":13,"minecraft:tune_noteblock":86,"minecraft:play_one_minute":335983,"minecraft:sleep_in_bed":3,"minecraft:time_since_rest":10575,"minecraft:damage_absorbed":14,"minecraft:damage_taken":2147483647,"minecraft:damage_dealt":14501,"minecraft:swim_one_cm":287723,"minecraft:fly_one_cm":923500,"minecraft:open_chest":64,"minecraft:crouch_one_cm":10448,"minecraft:fall_one_cm":112591},"minecraft:crafted":{"minecraft:oak_planks":24,"minecraft:dark_oak_boat":1,"minecraft:cooked_chicken":2,"minecraft:furnace":1,"minecraft:cooked_mutton":2,"minecraft:flint_and_steel":1,"minecraft:stone_pickaxe":2,"minecraft:chest":2,"minecraft:dark_oak_planks":208,"livingthings:cooked_elephant":2,"minecraft:wheat":165,"livingthings:cooked_lion":1,"sophisticatedbackpacks:backpack":2,"minecraft:crafting_table":8,"minecraft:wooden_pickaxe":2,"iceandfire:tide_trident":1,"minecraft:dark_oak_button":1,"minecraft:stone_axe":3,"minecraft:bread":140,"minecraft:air":0,"minecraft:oak_boat":2,"minecraft:white_wool":1,"minecraft:shield":1,"minecraft:stick":16,"minecraft:stone_sword":1,"minecraft:gold_ingot":20,"minecraft:torch":4},"minecraft:mined":{"minecraft:dark_oak_planks":1,"minecraft:dark_oak_log":16,"gravestone:gravestone":36,"minecraft:grass_block":23,"minecraft:kelp":2,"minecraft:sandstone":4,"comforts:sleeping_bag_white":1,"minecraft:hay_block":23,"minecraft:tall_seagrass":2,"minecraft:furnace":3,"blue_skies:blue_fire":3,"minecraft:fire":10,"iceandfire:gold_pile":6,"minecraft:vine":1,"minecraft:packed_ice":1,"minecraft:stone":58,"blue_skies:turquoise_grass":6,"minecraft:stone_brick_slab":1,"minecraft:oak_fence":1,"minecraft:crafting_table":8,"minecraft:torch":2,"dynamictrees:acacia_leaves":4,"minecraft:dead_bush":1,"minecraft:mushroom_stem":2,"iceandfire:fire_lily":1,"minecraft:tall_grass":2,"minecraft:cobblestone":2,"minecraft:cyan_bed":1,"minecraft:diorite":3,"minecraft:seagrass":2,"minecraft:skeleton_skull":1,"minecraft:spruce_stairs":1,"minecraft:light_blue_bed":1,"minecraft:beehive":1,"minecraft:wheat":128,"iceandfire:podium_birch":1,"minecraft:grass":50,"minecraft:oak_log":6,"minecraft:coal_ore":35,"minecraft:dark_oak_sapling":1,"minecraft:gravel":1,"minecraft:sand":25,"minecraft:dirt":123,"minecraft:cracked_stone_bricks":4,"minecraft:stone_bricks":18,"minecraft:mossy_stone_bricks":1,"minecraft:oak_leaves":2},"minecraft:used":{"iceandfire:tide_trident":1,"minecraft:stone_sword":64,"minecraft:flint_and_steel":3,"minecraft:shield":73,"minecraft:iron_sword":200,"minecraft:cooked_chicken":2,"minecraft:rotten_flesh":10,"minecraft:torch":4,"minecraft:dirt":47,"mowziesmobs:glowing_jelly":5,"minecraft:dark_oak_planks":60,"minecraft:packed_ice":1,"minecraft:light_blue_bed":1,"minecraft:stone_bricks":21,"livingthings:cooked_lion":1,"iceandfire:podium_birch":1,"minecraft:dark_oak_boat":1,"minecraft:oak_sapling":1,"minecraft:furnace":3,"dynamictrees:dark_oak_seed":2,"minecraft:egg":1,"minecraft:dark_oak_sapling":3,"minecraft:wheat_seeds":105,"minecraft:cooked_mutton":3,"minecraft:stone_pickaxe":118,"minecraft:wooden_pickaxe":32,"minecraft:sand":2,"minecraft:crafting_table":13,"blue_skies:brewberry":3,"minecraft:apple":1,"minecraft:oxeye_daisy":1,"minecraft:bread":77,"minecraft:stone_axe":23,"minecraft:diamond_sword":126,"minecraft:cobblestone":1,"livingthings:cooked_elephant":2,"minecraft:oak_boat":2,"iceandfire:fire_lily":1},"minecraft:picked_up":{"iceandfire:deathworm_egg":1,"livingthings:lion":2,"minecraft:crafting_table":16,"minecraft:wheat":181,"iceandfire:witherbone":1,"minecraft:chicken":2,"iceandfire:fire_lily":1,"minecraft:packed_ice":1,"minecraft:lead":1,"minecraft:diamond_sword":1,"minecraft:wooden_pickaxe":2,"mowziesmobs:glowing_jelly":5,"minecraft:potion":2,"minecraft:diamond_horse_armor":1,"minecraft:stone_brick_stairs":2,"gravestone:obituary":11,"minecraft:shield":2,"minecraft:string":8,"minecraft:blue_orchid":1,"minecraft:cracked_stone_bricks":2,"iceandfire:bestiary":1,"dynamictrees:dark_oak_seed":2,"minecraft:gold_nugget":194,"minecraft:beef":22,"minecraft:poppy":2,"minecraft:furnace":3,"minecraft:iron_boots":1,"minecraft:egg":3,"minecraft:dark_oak_sapling":4,"minecraft:stick":10,"iceandfire:dragonbone":25,"minecraft:oak_fence":1,"minecraft:torch":3,"minecraft:spruce_stairs":1,"minecraft:redstone":3,"minecraft:light_blue_bed":2,"minecraft:dark_oak_planks":55,"minecraft:stone_sword":1,"minecraft:arrow":20,"minecraft:rotten_flesh":45,"minecraft:hay_block":23,"iceandfire:myrmex_desert_chitin":2,"mowziesmobs:barakoa_mask_misery":1,"minecraft:skeleton_skull":3,"minecraft:cobblestone":57,"minecraft:oxeye_daisy":1,"iceandfire:sea_serpent_fang":1,"blue_skies:brewberry":3,"minecraft:leather":6,"minecraft:dark_oak_boat":4,"minecraft:potato":22,"minecraft:flint":1,"minecraft:oak_log":6,"minecraft:dirt":209,"minecraft:cooked_mutton":1,"minecraft:bone":21,"minecraft:apple":1,"minecraft:stone_bricks":21,"minecraft:kelp":2,"minecraft:wheat_seeds":155,"minecraft:rabbit_hide":1,"minecraft:iron_ingot":1,"minecraft:mossy_stone_bricks":1,"minecraft:iron_sword":1,"minecraft:oak_planks":3,"minecraft:book":12,"blue_skies:winter_leaf_seeds":1,"iceandfire:podium_birch":1,"minecraft:stone_brick_slab":1,"minecraft:gravel":1,"minecraft:sand":10,"minecraft:cyan_bed":1,"minecraft:dark_oak_log":326,"minecraft:spider_eye":1,"livingthings:cooked_elephant":1,"blue_skies:pine_fruit_seeds":1,"minecraft:slime_ball":1,"minecraft:iron_helmet":1,"minecraft:crossbow":1,"minecraft:bread":21,"minecraft:emerald":1,"livingthings:elephant":2,"iceandfire:gorgon_head":2,"minecraft:oak_sapling":1,"iceandfire:tide_trident":1,"minecraft:coal":101},"minecraft:broken":{"mowziesmobs:barakoa_mask_misery":1,"minecraft:shield":1,"minecraft:stone_axe":2}},"DataVersion":2586}