{"stats":{"minecraft:killed":{"iceandfire:myrmex_worker":1,"iceandfire:gorgon":1,"minecraft:spider":4,"mowziesmobs:lantern":3,"minecraft:skeleton":7,"livingthings:lion":2,"minecraft:zombie":5,"minecraft:chicken":3},"minecraft:picked_up":{"iceandfire:deathworm_egg":1,"livingthings:lion":2,"minecraft:crafting_table":6,"minecraft:chicken":2,"iceandfire:fire_lily":1,"minecraft:leather":1,"minecraft:dark_oak_boat":4,"minecraft:lead":1,"minecraft:wooden_pickaxe":2,"minecraft:potato":1,"mowziesmobs:glowing_jelly":5,"minecraft:stone_brick_stairs":2,"minecraft:oak_log":6,"gravestone:obituary":4,"minecraft:shield":1,"minecraft:dirt":173,"minecraft:string":6,"minecraft:cooked_mutton":1,"minecraft:bone":12,"minecraft:apple":1,"iceandfire:bestiary":1,"minecraft:stone_bricks":18,"minecraft:kelp":2,"minecraft:cracked_stone_bricks":1,"minecraft:wheat_seeds":4,"dynamictrees:dark_oak_seed":2,"minecraft:rabbit_hide":1,"minecraft:mossy_stone_bricks":1,"iceandfire:dragonbone":12,"minecraft:iron_sword":1,"minecraft:furnace":3,"minecraft:egg":1,"minecraft:dark_oak_sapling":4,"minecraft:stick":5,"iceandfire:podium_birch":1,"minecraft:stone_brick_slab":1,"minecraft:gravel":1,"minecraft:sand":8,"minecraft:redstone":3,"minecraft:dark_oak_log":326,"minecraft:spider_eye":1,"minecraft:dark_oak_planks":55,"livingthings:cooked_elephant":1,"minecraft:arrow":10,"minecraft:rotten_flesh":10,"minecraft:hay_block":15,"iceandfire:myrmex_desert_chitin":2,"livingthings:elephant":2,"iceandfire:gorgon_head":2,"minecraft:oak_sapling":1,"minecraft:coal":100,"minecraft:skeleton_skull":3,"minecraft:cobblestone":57},"minecraft:mined":{"minecraft:dark_oak_planks":1,"minecraft:dark_oak_log":16,"minecraft:stone_brick_slab":1,"minecraft:crafting_table":5,"gravestone:gravestone":23,"dynamictrees:acacia_leaves":3,"minecraft:grass_block":21,"minecraft:dead_bush":1,"minecraft:mushroom_stem":2,"iceandfire:fire_lily":1,"minecraft:tall_grass":2,"minecraft:cobblestone":2,"minecraft:kelp":2,"minecraft:hay_block":15,"minecraft:seagrass":2,"minecraft:skeleton_skull":1,"minecraft:tall_seagrass":2,"minecraft:furnace":3,"iceandfire:podium_birch":1,"minecraft:grass":34,"minecraft:oak_log":6,"minecraft:coal_ore":35,"minecraft:vine":1,"minecraft:dark_oak_sapling":1,"minecraft:gravel":1,"minecraft:sand":9,"minecraft:dirt":122,"minecraft:cracked_stone_bricks":1,"minecraft:stone":57,"minecraft:stone_bricks":13,"minecraft:mossy_stone_bricks":1,"minecraft:oak_leaves":2},"minecraft:crafted":{"minecraft:oak_planks":24,"livingthings:cooked_lion":1,"minecraft:dark_oak_boat":1,"minecraft:crafting_table":8,"minecraft:wooden_pickaxe":2,"minecraft:cooked_chicken":2,"minecraft:furnace":1,"minecraft:dark_oak_button":1,"minecraft:stone_axe":3,"minecraft:bread":21,"minecraft:cooked_mutton":2,"minecraft:air":0,"minecraft:oak_boat":2,"minecraft:white_wool":1,"minecraft:stick":16,"minecraft:stone_pickaxe":2,"minecraft:stone_sword":1,"livingthings:cooked_elephant":2,"minecraft:dark_oak_planks":192,"minecraft:torch":4,"minecraft:wheat":63},"minecraft:custom":{"minecraft:interact_with_furnace":13,"minecraft:mob_kills":26,"minecraft:interact_with_crafting_table":23,"minecraft:play_one_minute":188357,"minecraft:leave_game":11,"minecraft:time_since_death":5815,"minecraft:climb_one_cm":4594,"minecraft:time_since_rest":5841,"minecraft:sprint_one_cm":361015,"minecraft:damage_taken":2147483647,"minecraft:walk_one_cm":318823,"minecraft:damage_blocked_by_shield":650,"minecraft:drop":31,"minecraft:damage_dealt":5153,"minecraft:swim_one_cm":272918,"minecraft:talked_to_villager":2,"minecraft:fly_one_cm":369116,"minecraft:open_chest":6,"minecraft:crouch_one_cm":2442,"minecraft:deaths":24,"minecraft:sneak_time":1617,"minecraft:walk_under_water_one_cm":62244,"minecraft:boat_one_cm":1265611,"minecraft:jump":1876,"minecraft:walk_on_water_one_cm":52402,"minecraft:fall_one_cm":47714},"minecraft:killed_by":{"iceandfire:gorgon":2,"minecraft:player":5,"minecraft:skeleton":1,"minecraft:spider":3,"minecraft:zombie":5,"livingthings:elephant":2,"livingthings:shark":3,"livingthings:lion":2,"minecraft:drowned":1},"minecraft:broken":{"minecraft:stone_axe":2},"minecraft:dropped":{"minecraft:wheat_seeds":2,"minecraft:crafting_table":1,"minecraft:cobblestone":1,"gravestone:obituary":25,"minecraft:spider_eye":1,"minecraft:stone_brick_slab":1,"minecraft:redstone":3},"minecraft:used":{"minecraft:cooked_mutton":1,"minecraft:stone_sword":64,"minecraft:stone_pickaxe":90,"minecraft:wooden_pickaxe":32,"minecraft:shield":13,"minecraft:iron_sword":60,"minecraft:cooked_chicken":2,"minecraft:rotten_flesh":10,"minecraft:dirt":47,"minecraft:sand":2,"minecraft:crafting_table":9,"mowziesmobs:glowing_jelly":5,"minecraft:dark_oak_planks":60,"minecraft:apple":1,"minecraft:bread":7,"minecraft:stone_bricks":3,"minecraft:stone_axe":18,"livingthings:cooked_lion":1,"minecraft:cobblestone":1,"minecraft:dark_oak_boat":1,"minecraft:oak_sapling":1,"minecraft:furnace":3,"minecraft:egg":1,"iceandfire:fire_lily":1,"dynamictrees:dark_oak_seed":2,"minecraft:oak_boat":2,"minecraft:dark_oak_sapling":3}},"DataVersion":2586}