{"stats":{"minecraft:killed":{"blue_skies:armored_frost_spirit":2,"livingthings:snail":1,"minecraft:witch":4,"iceandfire:gorgon":1,"minecraft:spider":7,"minecraft:vindicator":1,"minecraft:skeleton":16,"livingthings:lion":2,"minecraft:chicken":3,"minecraft:piglin_brute":13,"iceandfire:myrmex_worker":2,"minecraft:husk":2,"iceandfire:cyclops":1,"minecraft:zombie_villager":1,"iceandfire:cockatrice":1,"mowziesmobs:lantern":3,"minecraft:pillager":7,"minecraft:zombie":9,"iceandfire:myrmex_soldier":1,"iceandfire:ghost":1,"minecraft:cow":6},"minecraft:dropped":{"minecraft:bread":65,"minecraft:wheat_seeds":141,"minecraft:crafting_table":8,"minecraft:oak_fence":1,"minecraft:cobblestone":1,"minecraft:lead":1,"cwsr:dark_essence":1,"iceandfire:tide_trident":1,"minecraft:cracked_stone_bricks":1,"cwsr:ender_essence":1,"iceandfire:cyclops_eye":1,"minecraft:spruce_stairs":1,"minecraft:coal":1,"minecraft:diamond_horse_armor":1,"iceandfire:myrmex_desert_chitin":2,"minecraft:potion":1,"gravestone:obituary":45,"cwsr:beast_essence":1,"minecraft:white_wool":1,"minecraft:redstone":3,"minecraft:bone":1,"minecraft:stone_brick_slab":1,"iceandfire:dragonbone":1,"minecraft:stone_sword":1,"minecraft:rotten_flesh":33,"sophisticatedbackpacks:backpack":1,"minecraft:poppy":1,"minecraft:potato":1,"cwsr:thunder_essence":1,"minecraft:spider_eye":1,"comforts:sleeping_bag_white":1,"minecraft:sandstone":8,"minecraft:cyan_bed":1},"minecraft:killed_by":{"minecraft:zombie_villager":2,"minecraft:player":7,"iceandfire:cyclops":2,"minecraft:piglin_brute":2,"minecraft:spider":3,"blue_skies:polargeist":1,"livingthings:lion":3,"minecraft:drowned":1,"iceandfire:sea_serpent":2,"minecraft:vindicator":3,"iceandfire:gorgon":2,"minecraft:skeleton":2,"minecraft:zombie":5,"livingthings:elephant":2,"livingthings:shark":3,"iceandfire:fire_dragon":3},"minecraft:crafted":{"minecraft:oak_planks":24,"minecraft:dark_oak_boat":1,"comforts:sleeping_bag_white":1,"minecraft:cooked_chicken":2,"minecraft:furnace":1,"minecraft:cooked_mutton":2,"minecraft:flint_and_steel":1,"minecraft:stone_pickaxe":2,"minecraft:chest":2,"minecraft:dark_oak_planks":208,"livingthings:cooked_elephant":2,"minecraft:wheat":219,"livingthings:cooked_lion":1,"sophisticatedbackpacks:backpack":2,"minecraft:crafting_table":8,"minecraft:wooden_pickaxe":2,"iceandfire:tide_trident":1,"minecraft:bucket":1,"minecraft:dark_oak_button":1,"minecraft:stone_axe":3,"minecraft:bread":140,"minecraft:air":0,"minecraft:oak_boat":2,"minecraft:white_wool":1,"minecraft:shield":1,"minecraft:stick":16,"minecraft:stone_sword":1,"minecraft:gold_ingot":21,"minecraft:torch":4},"minecraft:custom":{"minecraft:mob_kills":84,"minecraft:interact_with_crafting_table":40,"minecraft:open_barrel":19,"minecraft:bell_ring":1,"minecraft:leave_game":25,"minecraft:time_since_death":7262,"minecraft:climb_one_cm":24718,"minecraft:damage_resisted":446,"minecraft:sprint_one_cm":815196,"minecraft:walk_one_cm":775049,"minecraft:damage_blocked_by_shield":2400,"minecraft:drop":91,"minecraft:talked_to_villager":11,"minecraft:sneak_time":7664,"minecraft:deaths":43,"minecraft:walk_under_water_one_cm":102784,"minecraft:boat_one_cm":1265611,"minecraft:jump":5074,"minecraft:walk_on_water_one_cm":88199,"minecraft:interact_with_furnace":13,"minecraft:tune_noteblock":86,"minecraft:play_one_minute":388284,"minecraft:sleep_in_bed":7,"minecraft:time_since_rest":4458,"minecraft:damage_absorbed":14,"minecraft:damage_taken":2147483647,"minecraft:trigger_trapped_chest":2,"minecraft:damage_dealt":18555,"minecraft:swim_one_cm":304484,"minecraft:fly_one_cm":1170905,"minecraft:open_chest":76,"minecraft:crouch_one_cm":12102,"minecraft:fall_one_cm":139570},"minecraft:mined":{"minecraft:dark_oak_planks":2,"minecraft:stone_pressure_plate":1,"iceandfire:graveyard_soil":1,"minecraft:dark_oak_log":16,"gravestone:gravestone":41,"minecraft:grass_block":23,"minecraft:kelp":2,"minecraft:sandstone":7,"minecraft:spawner":1,"comforts:sleeping_bag_white":1,"minecraft:hay_block":29,"minecraft:tall_seagrass":2,"blue_skies:blue_fire":3,"minecraft:furnace":3,"minecraft:fire":10,"minecraft:vine":1,"iceandfire:gold_pile":6,"blue_skies:crescent_fruit":1,"minecraft:packed_ice":1,"minecraft:stone":58,"blue_skies:turquoise_grass":6,"minecraft:orange_terracotta":1,"minecraft:stone_brick_slab":1,"minecraft:oak_fence":1,"minecraft:crafting_table":10,"minecraft:torch":2,"dynamictrees:acacia_leaves":4,"minecraft:dead_bush":1,"minecraft:mushroom_stem":3,"iceandfire:fire_lily":1,"minecraft:tall_grass":3,"minecraft:cobblestone":2,"minecraft:cyan_bed":3,"minecraft:diorite":3,"minecraft:skeleton_skull":1,"minecraft:spruce_stairs":1,"minecraft:seagrass":2,"minecraft:blue_terracotta":1,"minecraft:light_blue_bed":1,"minecraft:beehive":1,"minecraft:wheat":128,"iceandfire:podium_birch":1,"minecraft:bee_nest":1,"minecraft:grass":51,"minecraft:coal_ore":35,"minecraft:oak_log":6,"minecraft:dark_oak_sapling":1,"minecraft:gravel":1,"minecraft:sand":29,"minecraft:dirt":125,"minecraft:cracked_stone_bricks":4,"minecraft:stone_bricks":18,"minecraft:mossy_stone_bricks":1,"minecraft:oak_leaves":2},"minecraft:used":{"iceandfire:tide_trident":1,"minecraft:stone_sword":64,"minecraft:flint_and_steel":14,"minecraft:shield":76,"minecraft:iron_sword":200,"minecraft:cooked_chicken":2,"minecraft:rotten_flesh":10,"minecraft:torch":5,"minecraft:dirt":63,"minecraft:dark_oak_planks":60,"mowziesmobs:glowing_jelly":5,"minecraft:packed_ice":1,"minecraft:light_blue_bed":1,"minecraft:stone_bricks":21,"livingthings:cooked_lion":1,"iceandfire:podium_birch":1,"minecraft:dark_oak_boat":1,"minecraft:oak_sapling":1,"minecraft:furnace":3,"dynamictrees:dark_oak_seed":2,"minecraft:egg":1,"comforts:sleeping_bag_white":1,"minecraft:stone_pressure_plate":1,"minecraft:dark_oak_sapling":3,"minecraft:wheat_seeds":105,"minecraft:cooked_mutton":3,"minecraft:water_bucket":8,"minecraft:stone_pickaxe":126,"minecraft:wooden_pickaxe":32,"minecraft:sandstone":1,"minecraft:sand":2,"minecraft:crafting_table":16,"blue_skies:brewberry":3,"minecraft:apple":1,"minecraft:oxeye_daisy":1,"minecraft:bread":111,"minecraft:cyan_bed":3,"iceandfire:graveyard_soil":1,"blue_skies:crescent_fruit":1,"minecraft:stone_axe":25,"minecraft:diamond_sword":220,"minecraft:cobblestone":1,"minecraft:bucket":10,"minecraft:oak_boat":2,"livingthings:cooked_elephant":3,"iceandfire:fire_lily":1},"minecraft:picked_up":{"iceandfire:deathworm_egg":1,"livingthings:lion":2,"minecraft:iron_chestplate":2,"minecraft:crafting_table":18,"minecraft:wheat":181,"cwsr:thunder_essence":1,"minecraft:chicken":2,"iceandfire:witherbone":1,"minecraft:ladder":2,"iceandfire:fire_lily":1,"blue_skies:blue_journal":1,"minecraft:lead":1,"minecraft:packed_ice":1,"minecraft:diamond_sword":1,"minecraft:wooden_pickaxe":2,"mowziesmobs:glowing_jelly":5,"minecraft:potion":2,"minecraft:diamond_horse_armor":1,"minecraft:stone_brick_stairs":2,"gravestone:obituary":16,"minecraft:shield":2,"minecraft:string":8,"minecraft:blue_orchid":1,"cwsr:ender_essence":1,"minecraft:cracked_stone_bricks":2,"iceandfire:graveyard_soil":1,"iceandfire:bestiary":1,"dynamictrees:dark_oak_seed":2,"minecraft:gold_nugget":194,"comforts:sleeping_bag_white":2,"minecraft:beef":22,"minecraft:poppy":2,"minecraft:egg":3,"minecraft:iron_boots":2,"minecraft:furnace":3,"minecraft:stick":11,"minecraft:dark_oak_sapling":4,"minecraft:sandstone":25,"iceandfire:dragonbone":43,"minecraft:oak_fence":1,"minecraft:torch":3,"minecraft:spruce_stairs":1,"minecraft:redstone":3,"minecraft:light_blue_bed":2,"minecraft:stone_pressure_plate":1,"minecraft:dark_oak_planks":59,"minecraft:stone_sword":1,"minecraft:arrow":21,"iceandfire:cyclops_eye":1,"minecraft:rotten_flesh":45,"minecraft:hay_block":29,"iceandfire:myrmex_desert_chitin":2,"minecraft:mutton":1,"mowziesmobs:barakoa_mask_misery":1,"minecraft:skeleton_skull":3,"minecraft:white_wool":5,"minecraft:cobblestone":57,"minecraft:oxeye_daisy":1,"blue_skies:crescent_fruit":1,"iceandfire:sea_serpent_fang":1,"minecraft:leather":17,"blue_skies:brewberry":3,"cwsr:dark_essence":1,"minecraft:dark_oak_boat":4,"minecraft:potato":22,"minecraft:flint":1,"minecraft:oak_log":6,"minecraft:dirt":209,"cwsr:beast_essence":1,"minecraft:orange_terracotta":2,"minecraft:cooked_mutton":1,"minecraft:bone":25,"minecraft:apple":1,"minecraft:stone_bricks":21,"minecraft:kelp":2,"minecraft:wheat_seeds":155,"minecraft:rabbit_hide":1,"minecraft:iron_ingot":1,"minecraft:mossy_stone_bricks":1,"minecraft:oak_planks":6,"minecraft:iron_sword":1,"minecraft:book":13,"blue_skies:winter_leaf_seeds":1,"iceandfire:podium_birch":1,"minecraft:stone_brick_slab":1,"minecraft:gravel":1,"iceandfire:dragon_skull_fire":1,"minecraft:sand":12,"minecraft:cyan_bed":4,"minecraft:dark_oak_log":326,"minecraft:spider_eye":2,"livingthings:cooked_elephant":1,"blue_skies:pine_fruit_seeds":1,"minecraft:blue_terracotta":1,"minecraft:slime_ball":1,"minecraft:iron_helmet":1,"minecraft:crossbow":1,"minecraft:emerald":1,"minecraft:bread":21,"livingthings:elephant":2,"iceandfire:gorgon_head":2,"iceandfire:tide_trident":1,"minecraft:oak_sapling":2,"minecraft:coal":101},"minecraft:broken":{"mowziesmobs:barakoa_mask_misery":1,"minecraft:iron_boots":1,"minecraft:iron_chestplate":1,"minecraft:shield":1,"minecraft:stone_axe":2,"minecraft:iron_helmet":1}},"DataVersion":2586}