{"stats":{"minecraft:broken":{"minecraft:iron_boots":3,"minecraft:iron_chestplate":4,"minecraft:iron_leggings":2,"iceandfire:silver_pickaxe":1,"minecraft:stone_pickaxe":1,"minecraft:stone_axe":2,"iceandfire:armor_silver_metal_boots":1,"minecraft:golden_chestplate":1,"mowziesmobs:barakoa_mask_misery":1,"minecraft:flint_and_steel":2,"minecraft:chainmail_helmet":1,"iceandfire:armor_silver_metal_helmet":1,"minecraft:shield":1,"minecraft:iron_pickaxe":4,"minecraft:iron_helmet":1},"minecraft:mined":{"minecraft:dark_oak_planks":2,"securitycraft:mine":1,"minecraft:stone_pressure_plate":1,"iceandfire:graveyard_soil":1,"minecraft:granite":9,"minecraft:grass_block":133,"minecraft:cracked_polished_blackstone_bricks":1,"minecraft:hopper":2,"minecraft:nether_wart":28,"minecraft:spawner":5,"comforts:sleeping_bag_white":1,"minecraft:weeping_vines_plant":2,"minecraft:tall_seagrass":2,"blue_skies:blue_fire":3,"minecraft:glowstone":24,"minecraft:iron_ore":58,"minecraft:fire":87,"minecraft:azure_bluet":1,"minecraft:enchanting_table":2,"iceandfire:gold_pile":43,"minecraft:light_gray_concrete":4,"dynamictrees:crimson_wart":1,"minecraft:player_head":1,"minecraft:tripwire":2,"minecraft:crimson_nylium":22,"minecraft:smoker":3,"minecraft:orange_terracotta":1,"minecraft:chiseled_quartz_block":1,"minecraft:torch":3,"minecraft:blast_furnace":2,"minecraft:poppy":7,"iceandfire:ghost_chest":2,"minecraft:chest":1,"minecraft:dead_bush":1,"minecraft:mushroom_stem":3,"iceandfire:fire_lily":1,"minecraft:nether_quartz_ore":1,"minecraft:cobblestone":56,"minecraft:cyan_bed":17,"dynamictrees:crimson_sapling":1,"minecraft:wall_torch":7,"minecraft:skeleton_skull":1,"minecraft:seagrass":3,"minecraft:blue_terracotta":1,"minecraft:light_gray_stained_glass":6,"minecraft:wheat":128,"iceandfire:podium_birch":1,"minecraft:grass":69,"minecraft:oak_log":20,"minecraft:dark_oak_sapling":1,"minecraft:sand":52,"minecraft:dirt":137,"minecraft:netherrack":1002,"minecraft:oak_leaves":2,"minecraft:redstone_lamp":2,"minecraft:nether_gold_ore":4,"minecraft:diamond_ore":4,"iceandfire:silver_ore":20,"minecraft:dark_oak_log":40,"minecraft:nether_bricks":4,"gravestone:gravestone":101,"minecraft:weeping_vines":2,"minecraft:crimson_roots":4,"minecraft:kelp":6,"minecraft:sandstone":7,"minecraft:hay_block":29,"minecraft:black_stained_glass_pane":6,"minecraft:redstone_ore":4,"minecraft:furnace":7,"minecraft:andesite":11,"minecraft:shroomlight":3,"blue_skies:crescent_fruit":1,"minecraft:vine":2,"minecraft:packed_ice":5,"minecraft:stone":360,"minecraft:bone_block":30,"minecraft:redstone_wall_torch":3,"minecraft:gray_concrete":8,"minecraft:soul_sand":10,"blue_skies:turquoise_grass":6,"minecraft:stone_brick_slab":1,"minecraft:oak_fence":1,"minecraft:crafting_table":25,"dynamictrees:acacia_leaves":4,"minecraft:tall_grass":6,"minecraft:diorite":34,"minecraft:spruce_stairs":1,"minecraft:light_blue_bed":1,"minecraft:beehive":1,"minecraft:redstone_torch":2,"minecraft:bee_nest":1,"dynamictrees:warped_sapling":6,"minecraft:coal_ore":154,"minecraft:gravel":14,"minecraft:cobweb":7,"minecraft:cracked_stone_bricks":4,"minecraft:stone_bricks":18,"minecraft:mossy_stone_bricks":1},"minecraft:crafted":{"securitycraft:mine":3,"minecraft:smooth_stone":3,"minecraft:oak_planks":80,"minecraft:dark_oak_boat":12,"minecraft:cooked_chicken":2,"minecraft:stone":3,"sophisticatedbackpacks:crafting_upgrade":1,"minecraft:cooked_mutton":20,"minecraft:iron_bars":16,"iceandfire:armor_silver_metal_chestplate":1,"minecraft:bow":1,"minecraft:iron_boots":2,"minecraft:chest":6,"livingthings:cooked_elephant":2,"minecraft:smoker":1,"sophisticatedbackpacks:backpack":2,"minecraft:crafting_table":13,"minecraft:wooden_pickaxe":2,"minecraft:iron_helmet":2,"sophisticatedbackpacks:upgrade_base":1,"minecraft:diamond_pickaxe":1,"minecraft:shield":1,"minecraft:stick":32,"minecraft:iron_ingot":57,"minecraft:iron_pickaxe":4,"minecraft:stone_sword":1,"minecraft:gold_ingot":56,"securitycraft:furnace_mine":1,"comforts:sleeping_bag_white":1,"minecraft:furnace":3,"minecraft:blast_furnace":1,"minecraft:flint_and_steel":2,"nethers_delight:hoglin_sirloin":1,"minecraft:stone_pickaxe":2,"iceandfire:armor_silver_metal_boots":1,"minecraft:dark_oak_planks":304,"minecraft:wheat":246,"sophisticatedbackpacks:iron_backpack":2,"minecraft:crimson_planks":40,"livingthings:cooked_lion":1,"iceandfire:silver_ingot":20,"minecraft:enchanting_table":1,"iceandfire:tide_trident":1,"sophisticatedbackpacks:gold_backpack":1,"minecraft:bucket":1,"minecraft:dark_oak_button":1,"minecraft:stone_axe":3,"minecraft:air":0,"minecraft:bread":167,"securitycraft:dirt_mine":2,"minecraft:oak_boat":5,"iceandfire:armor_silver_metal_helmet":1,"minecraft:white_wool":3,"minecraft:iron_shovel":1,"minecraft:iron_leggings":2,"minecraft:white_bed":1,"minecraft:torch":8,"iceandfire:silver_pickaxe":1},"minecraft:used":{"iceandfire:tide_trident":1,"minecraft:nether_brick_fence":2,"minecraft:iron_shovel":95,"minecraft:poppy":12,"minecraft:chest":4,"minecraft:shield":153,"minecraft:iron_sword":202,"minecraft:rotten_flesh":20,"minecraft:lava_bucket":28,"minecraft:packed_ice":5,"minecraft:lantern":1,"minecraft:grass_block":1,"iceandfire:ghost_chest":1,"minecraft:light_blue_bed":1,"minecraft:stone_bricks":21,"livingthings:cooked_lion":3,"minecraft:redstone_lamp":2,"minecraft:bow":16,"minecraft:dark_oak_boat":17,"minecraft:oak_sapling":1,"minecraft:furnace":7,"minecraft:cooked_cod":1,"minecraft:egg":1,"minecraft:dark_oak_sapling":3,"minecraft:diorite":1,"minecraft:chorus_fruit":1,"minecraft:stone_pickaxe":166,"minecraft:oak_planks":3,"minecraft:wooden_pickaxe":32,"minecraft:sandstone":1,"minecraft:golden_apple":1,"minecraft:sand":12,"minecraft:blast_furnace":2,"cwsr:cyan_sword":9,"iceandfire:silver_pickaxe":461,"minecraft:redstone_torch":7,"blue_skies:brewberry":3,"minecraft:string":3,"minecraft:bread":155,"minecraft:cyan_bed":18,"minecraft:light_gray_concrete":4,"minecraft:gravel":1,"securitycraft:mine":1,"minecraft:nether_wart_block":5,"minecraft:diamond_sword":764,"minecraft:andesite":6,"iceandfire:fire_lily":1,"nethers_delight:hoglin_loin":2,"minecraft:oak_boat":5,"minecraft:netherite_sword":186,"minecraft:stone_sword":64,"minecraft:enchanting_table":2,"minecraft:flint_and_steel":127,"minecraft:cooked_chicken":3,"minecraft:netherrack":166,"minecraft:torch":27,"dynamictrees:warped_seed":5,"minecraft:dirt":323,"cwsr:time_sword":106,"minecraft:granite":10,"mowziesmobs:glowing_jelly":5,"minecraft:shroomlight":1,"minecraft:dark_oak_planks":60,"minecraft:crimson_planks":13,"livingthings:cooked_crab":1,"iceandfire:podium_birch":1,"securitycraft:dirt_mine":2,"comforts:sleeping_bag_white":5,"dynamictrees:dark_oak_seed":2,"minecraft:stone_pressure_plate":1,"minecraft:orange_terracotta":1,"minecraft:crimson_stem":2,"minecraft:wheat_seeds":105,"minecraft:cooked_mutton":27,"minecraft:water_bucket":33,"minecraft:stonecutter":1,"minecraft:tnt":2,"minecraft:crafting_table":32,"nethers_delight:hoglin_sirloin":44,"securitycraft:furnace_mine":1,"minecraft:smoker":3,"minecraft:oxeye_daisy":1,"minecraft:diamond_pickaxe":1,"minecraft:apple":6,"minecraft:chicken":1,"minecraft:cracked_polished_blackstone_bricks":1,"minecraft:iron_pickaxe":1255,"minecraft:netherite_axe":3,"iceandfire:graveyard_soil":1,"blue_skies:crescent_fruit":1,"minecraft:stone_axe":42,"minecraft:cobblestone":123,"minecraft:cooked_porkchop":5,"minecraft:bucket":63,"livingthings:cooked_elephant":3,"minecraft:kelp":1},"minecraft:killed":{"blue_skies:armored_frost_spirit":2,"minecraft:zombified_piglin":3,"minecraft:witch":5,"iceandfire:gorgon":1,"mowziesmobs:barako":1,"minecraft:spider":18,"iceandfire:stymphalian_bird":3,"minecraft:skeleton":61,"livingthings:lion":5,"minecraft:chicken":4,"minecraft:silverfish":1,"minecraft:piglin_brute":13,"iceandfire:myrmex_worker":2,"minecraft:magma_cube":15,"minecraft:piglin":1,"minecraft:pig":2,"minecraft:zombie_villager":3,"iceandfire:cockatrice":1,"minecraft:sheep":3,"mowziesmobs:lantern":3,"minecraft:pillager":9,"minecraft:zombie":60,"iceandfire:sea_serpent":1,"minecraft:blaze":3,"minecraft:cow":6,"livingthings:snail":2,"minecraft:vindicator":1,"livingthings:nether_knight":3,"mowziesmobs:barakoa_sunblocker":2,"iceandfire:siren":2,"mowziesmobs:barakoaya":4,"minecraft:husk":3,"iceandfire:cyclops":2,"minecraft:hoglin":13,"iceandfire:myrmex_soldier":1,"iceandfire:ghost":6,"minecraft:enderman":1},"minecraft:dropped":{"sophisticatedbackpacks:iron_backpack":1,"minecraft:iron_sword":1,"minecraft:soul_sand":16,"minecraft:diamond":17,"minecraft:ender_pearl":7,"minecraft:crafting_table":9,"minecraft:weeping_vines":5,"iceandfire:tide_trident":1,"iceandfire:ectoplasm":1,"mowziesmobs:barako_mask":1,"minecraft:cracked_stone_bricks":1,"minecraft:saddle":1,"cwsr:ender_essence":1,"minecraft:dirt":66,"minecraft:gray_concrete":8,"minecraft:dark_oak_log":1,"cwsr:wind_boom":1,"minecraft:ice":3,"mowziesmobs:barakoa_mask_misery":1,"iceandfire:myrmex_desert_chitin":7,"minecraft:crimson_roots":1,"gravestone:obituary":59,"minecraft:gold_nugget":64,"cwsr:beast_essence":1,"minecraft:dark_oak_planks":34,"minecraft:dark_oak_boat":3,"minecraft:white_wool":4,"minecraft:gold_ingot":40,"minecraft:bone":2,"minecraft:oak_door":1,"minecraft:rotten_flesh":38,"minecraft:oak_planks":4,"minecraft:nether_brick_fence":2,"minecraft:white_bed":1,"iceandfire:shiny_scales":9,"blue_skies:bluebright_log":3,"sophisticatedbackpacks:smelting_upgrade":1,"minecraft:poppy":2,"cwsr:thunder_essence":1,"comforts:sleeping_bag_white":1,"minecraft:arrow":88,"iceandfire:silver_pickaxe":1,"minecraft:netherrack":75,"minecraft:crimson_planks":27,"minecraft:water_bucket":1,"minecraft:iron_ingot":5,"minecraft:bread":65,"minecraft:wheat_seeds":142,"minecraft:oak_fence":1,"minecraft:lead":1,"minecraft:cobblestone":2,"minecraft:prismarine_crystals":11,"cwsr:dark_essence":1,"minecraft:granite":15,"iceandfire:cyclops_eye":1,"minecraft:spruce_stairs":1,"minecraft:coal":1,"minecraft:stick":8,"minecraft:diamond_horse_armor":1,"minecraft:torch":1,"minecraft:nether_wart_block":3,"minecraft:potion":1,"sophisticatedbackpacks:crafting_upgrade":1,"minecraft:string":38,"minecraft:stone_brick_slab":1,"iceandfire:dragonbone":1,"minecraft:redstone":22,"minecraft:kelp":1,"sophisticatedbackpacks:feeding_upgrade":1,"minecraft:stone_sword":1,"iceandfire:witherbone":2,"iceandfire:myrmex_stinger":4,"sophisticatedbackpacks:backpack":1,"minecraft:nether_bricks":1,"minecraft:diamond_sword":1,"minecraft:potato":1,"blue_skies:starlit_log":1,"minecraft:shroomlight":2,"minecraft:redstone_torch":1,"minecraft:spider_eye":1,"minecraft:sandstone":8,"nethers_delight:propelplant_cane":1,"minecraft:cyan_bed":2},"minecraft:picked_up":{"iceandfire:deathworm_egg":1,"minecraft:iron_chestplate":8,"minecraft:wheat":181,"iceandfire:copper_sword":2,"mowziesmobs:barakoa_mask_faith":1,"minecraft:nether_brick_fence":10,"minecraft:prismarine_shard":4,"minecraft:lead":1,"minecraft:diamond_sword":1,"minecraft:potion":2,"minecraft:golden_shovel":1,"livingthings:cooked_crab":1,"minecraft:nether_brick":14,"minecraft:stone_brick_stairs":2,"minecraft:string":82,"minecraft:iron_leggings":4,"minecraft:shroomlight":3,"cwsr:ender_essence":1,"dynamictrees:dark_oak_seed":2,"minecraft:gold_nugget":589,"comforts:sleeping_bag_white":6,"minecraft:redstone_torch":5,"minecraft:coal_block":2,"minecraft:iron_boots":5,"minecraft:furnace":7,"minecraft:stick":81,"iceandfire:ghost_chest":2,"minecraft:oak_fence":1,"minecraft:torch":15,"minecraft:spruce_stairs":1,"iceandfire:silver_ore":21,"minecraft:porkchop":5,"sophisticatedbackpacks:auto_smelting_upgrade":1,"minecraft:diorite":32,"nethers_delight:hoglin_sirloin":22,"minecraft:stone_sword":1,"minecraft:rotten_flesh":113,"iceandfire:myrmex_desert_chitin":7,"mowziesmobs:barakoa_mask_misery":3,"minecraft:obsidian":1,"minecraft:cod":1,"minecraft:cobblestone":449,"minecraft:enchanting_table":2,"blue_skies:crescent_fruit":1,"minecraft:feather":7,"minecraft:lilac":1,"minecraft:water_bucket":1,"minecraft:andesite":10,"blue_skies:brewberry":3,"cwsr:dark_essence":1,"minecraft:dark_oak_boat":15,"mowziesmobs:barakoa_mask_fury":1,"minecraft:smoker":3,"minecraft:potato":23,"minecraft:flint":2,"minecraft:gray_concrete":8,"minecraft:dirt":538,"minecraft:lantern":1,"cwsr:beast_essence":1,"minecraft:bone":101,"minecraft:stonecutter":1,"minecraft:bow":2,"minecraft:wheat_seeds":164,"dynamictrees:warped_seed":6,"minecraft:netherite_axe":5,"minecraft:mossy_stone_bricks":1,"minecraft:glowstone_dust":58,"minecraft:oak_planks":11,"securitycraft:mine":1,"nethers_delight:propelplant_cane":1,"iceandfire:dragon_skull_fire":2,"iceandfire:shiny_scales":21,"minecraft:sand":44,"dynamictrees:acacia_seed":1,"iceandfire:stymphalian_bird_feather":15,"minecraft:grass_block":1,"minecraft:cyan_bed":20,"iceandfire:myrmex_stinger":4,"minecraft:spectral_arrow":43,"minecraft:dark_oak_log":351,"minecraft:light_gray_concrete":4,"blue_skies:pine_fruit_seeds":1,"minecraft:blue_terracotta":1,"minecraft:diamond":5,"minecraft:black_concrete":1,"minecraft:cracked_polished_blackstone_bricks":1,"minecraft:crossbow":1,"minecraft:granite":38,"sophisticatedbackpacks:feeding_upgrade":2,"minecraft:emerald":1,"minecraft:bread":27,"livingthings:elephant":2,"iceandfire:gorgon_head":2,"minecraft:oak_sapling":2,"iceandfire:tide_trident":1,"minecraft:netherrack":973,"minecraft:chorus_fruit":4,"minecraft:crimson_roots":3,"iceandfire:copper_ingot":3,"livingthings:lion":5,"minecraft:crafting_table":34,"cwsr:thunder_essence":1,"minecraft:ladder":3,"minecraft:chicken":4,"iceandfire:witherbone":3,"minecraft:nether_wart":63,"iceandfire:fire_lily":1,"blue_skies:blue_journal":1,"minecraft:redstone_lamp":2,"minecraft:packed_ice":5,"minecraft:wooden_pickaxe":2,"mowziesmobs:glowing_jelly":5,"minecraft:diamond_horse_armor":1,"gravestone:obituary":29,"minecraft:chain":1,"minecraft:shield":2,"cwsr:wind_boom":1,"minecraft:oak_trapdoor":2,"minecraft:blackstone":13,"minecraft:blue_orchid":1,"iceandfire:graveyard_soil":1,"minecraft:cracked_stone_bricks":2,"iceandfire:bestiary":1,"minecraft:netherite_sword":4,"minecraft:beef":22,"minecraft:player_head":2,"minecraft:iron_nugget":102,"minecraft:poppy":16,"minecraft:chest":15,"minecraft:egg":3,"minecraft:dark_oak_sapling":4,"minecraft:sandstone":25,"iceandfire:dragonbone":68,"minecraft:oak_door":1,"sophisticatedbackpacks:crafting_upgrade":1,"sophisticatedbackpacks:backpack":1,"minecraft:redstone":22,"minecraft:light_blue_bed":2,"nethers_delight:propelpearl":2,"minecraft:prismarine_crystals":22,"minecraft:stone_pressure_plate":1,"minecraft:dark_oak_planks":81,"minecraft:tnt":3,"iceandfire:silver_ingot":3,"minecraft:arrow":81,"minecraft:weeping_vines":11,"iceandfire:cyclops_eye":2,"minecraft:nether_bricks":3,"dynamictrees:crimson_seed":1,"minecraft:hay_block":29,"minecraft:saddle":1,"minecraft:gold_ingot":8,"minecraft:mutton":5,"minecraft:skeleton_skull":4,"minecraft:white_wool":10,"minecraft:bone_block":31,"livingthings:cooked_lion":2,"minecraft:oxeye_daisy":1,"iceandfire:sea_serpent_fang":4,"minecraft:crimson_stem":13,"minecraft:leather":31,"minecraft:ice":3,"minecraft:oak_log":20,"iceandfire:ectoplasm":1,"minecraft:golden_boots":1,"minecraft:nether_wart_block":12,"minecraft:gunpowder":33,"minecraft:orange_terracotta":2,"minecraft:cooked_mutton":4,"mowziesmobs:barako_mask":1,"mowziesmobs:barakoa_mask_rage":1,"minecraft:apple":1,"minecraft:stone_bricks":21,"minecraft:kelp":26,"minecraft:rabbit_hide":1,"minecraft:iron_ingot":11,"minecraft:stone_pickaxe":1,"minecraft:cobweb":5,"minecraft:cooked_chicken":4,"minecraft:iron_ore":58,"minecraft:glass_bottle":1,"sophisticatedbackpacks:smelting_upgrade":1,"minecraft:iron_sword":5,"minecraft:soul_sand":56,"minecraft:book":14,"blue_skies:winter_leaf_seeds":1,"minecraft:dark_oak_slab":17,"iceandfire:podium_birch":1,"minecraft:stone_brick_slab":1,"minecraft:quartz":19,"minecraft:gravel":26,"minecraft:lava_bucket":1,"mowziesmobs:barakoa_mask_bliss":1,"cwsr:time_sword":2,"blue_skies:bluebright_log":3,"minecraft:blast_furnace":2,"minecraft:crying_obsidian":6,"minecraft:spider_eye":7,"blue_skies:starlit_log":1,"nethers_delight:hoglin_loin":40,"iceandfire:silver_pickaxe":1,"livingthings:cooked_elephant":1,"minecraft:slime_ball":5,"minecraft:chainmail_leggings":2,"minecraft:iron_helmet":9,"iceandfire:sea_serpent_scales_red":14,"minecraft:coal":374,"minecraft:ender_pearl":7},"minecraft:custom":{"minecraft:interact_with_crafting_table":128,"minecraft:open_barrel":28,"minecraft:bell_ring":1,"minecraft:leave_game":70,"minecraft:time_since_death":0,"minecraft:damage_resisted":446,"minecraft:sprint_one_cm":1650120,"minecraft:damage_blocked_by_shield":4750,"minecraft:drop":237,"minecraft:talked_to_villager":11,"minecraft:deaths":108,"minecraft:jump":10833,"minecraft:walk_on_water_one_cm":167065,"minecraft:interact_with_furnace":27,"minecraft:play_one_minute":1035318,"minecraft:sleep_in_bed":15,"minecraft:damage_dealt":62037,"minecraft:player_kills":1,"minecraft:crouch_one_cm":49948,"minecraft:interact_with_smoker":14,"minecraft:inspect_dispenser":4,"minecraft:mob_kills":272,"minecraft:inspect_hopper":1,"minecraft:climb_one_cm":40449,"minecraft:walk_one_cm":2013853,"minecraft:sneak_time":23867,"minecraft:walk_under_water_one_cm":206189,"minecraft:boat_one_cm":3606992,"minecraft:interact_with_blast_furnace":28,"minecraft:tune_noteblock":86,"minecraft:interact_with_stonecutter":1,"minecraft:time_since_rest":97,"minecraft:damage_absorbed":14,"minecraft:damage_taken":2147483647,"minecraft:trigger_trapped_chest":6,"minecraft:swim_one_cm":476579,"minecraft:fly_one_cm":2248394,"minecraft:open_chest":191,"minecraft:fall_one_cm":299455},"minecraft:killed_by":{"minecraft:zombie_villager":2,"iceandfire:cyclops":3,"minecraft:piglin_brute":2,"blue_skies:polargeist":1,"livingthings:lion":3,"minecraft:drowned":1,"iceandfire:sea_serpent":8,"minecraft:vindicator":3,"minecraft:zombie":5,"livingthings:elephant":2,"iceandfire:fire_dragon":3,"minecraft:husk":1,"minecraft:player":41,"iceandfire:deathworm":1,"minecraft:spider":3,"livingthings:nether_knight":2,"iceandfire:gorgon":2,"minecraft:hoglin":1,"minecraft:skeleton":12,"livingthings:shark":4,"iceandfire:ghost":3}},"DataVersion":2586}