{"stats":{"minecraft:killed":{"minecraft:witch":3,"minecraft:spider":5,"iceandfire:gorgon":1,"minecraft:vindicator":1,"minecraft:skeleton":10,"livingthings:lion":2,"minecraft:chicken":3,"iceandfire:myrmex_worker":2,"minecraft:husk":2,"minecraft:zombie_villager":1,"iceandfire:cockatrice":1,"mowziesmobs:lantern":3,"minecraft:pillager":7,"iceandfire:myrmex_soldier":1,"minecraft:zombie":6,"minecraft:cow":6},"minecraft:picked_up":{"iceandfire:deathworm_egg":1,"livingthings:lion":2,"minecraft:crafting_table":8,"minecraft:wheat":181,"iceandfire:witherbone":1,"minecraft:chicken":2,"iceandfire:fire_lily":1,"minecraft:lead":1,"minecraft:diamond_sword":1,"minecraft:wooden_pickaxe":2,"mowziesmobs:glowing_jelly":5,"minecraft:potion":2,"minecraft:stone_brick_stairs":2,"gravestone:obituary":11,"minecraft:shield":1,"minecraft:string":6,"iceandfire:bestiary":1,"minecraft:cracked_stone_bricks":2,"dynamictrees:dark_oak_seed":2,"minecraft:beef":22,"minecraft:poppy":2,"minecraft:furnace":3,"minecraft:iron_boots":1,"minecraft:egg":1,"minecraft:dark_oak_sapling":4,"minecraft:stick":5,"iceandfire:dragonbone":25,"minecraft:oak_fence":1,"minecraft:torch":1,"minecraft:spruce_stairs":1,"minecraft:redstone":3,"minecraft:light_blue_bed":2,"minecraft:dark_oak_planks":55,"minecraft:stone_sword":1,"minecraft:arrow":15,"minecraft:rotten_flesh":43,"minecraft:hay_block":20,"iceandfire:myrmex_desert_chitin":2,"mowziesmobs:barakoa_mask_misery":1,"minecraft:skeleton_skull":3,"minecraft:cobblestone":57,"iceandfire:sea_serpent_fang":1,"minecraft:leather":4,"minecraft:dark_oak_boat":4,"minecraft:potato":2,"minecraft:oak_log":6,"minecraft:dirt":192,"minecraft:cooked_mutton":1,"minecraft:bone":15,"minecraft:apple":1,"minecraft:stone_bricks":21,"minecraft:kelp":2,"minecraft:wheat_seeds":148,"minecraft:rabbit_hide":1,"minecraft:mossy_stone_bricks":1,"minecraft:iron_sword":1,"minecraft:oak_planks":3,"iceandfire:podium_birch":1,"minecraft:stone_brick_slab":1,"minecraft:gravel":1,"minecraft:sand":8,"minecraft:dark_oak_log":326,"minecraft:spider_eye":1,"livingthings:cooked_elephant":1,"minecraft:iron_helmet":1,"minecraft:crossbow":1,"minecraft:emerald":1,"minecraft:bread":21,"livingthings:elephant":2,"iceandfire:gorgon_head":2,"minecraft:oak_sapling":1,"minecraft:coal":100},"minecraft:mined":{"minecraft:dark_oak_planks":1,"minecraft:dark_oak_log":16,"gravestone:gravestone":33,"minecraft:grass_block":23,"minecraft:kelp":2,"minecraft:sandstone":4,"minecraft:hay_block":20,"minecraft:tall_seagrass":2,"minecraft:furnace":3,"minecraft:vine":1,"minecraft:stone":58,"minecraft:stone_brick_slab":1,"minecraft:oak_fence":1,"minecraft:crafting_table":6,"minecraft:torch":1,"dynamictrees:acacia_leaves":4,"minecraft:dead_bush":1,"minecraft:mushroom_stem":2,"iceandfire:fire_lily":1,"minecraft:tall_grass":2,"minecraft:cobblestone":2,"minecraft:diorite":3,"minecraft:skeleton_skull":1,"minecraft:spruce_stairs":1,"minecraft:seagrass":2,"minecraft:light_blue_bed":1,"minecraft:wheat":128,"iceandfire:podium_birch":1,"minecraft:grass":50,"minecraft:oak_log":6,"minecraft:coal_ore":35,"minecraft:dark_oak_sapling":1,"minecraft:gravel":1,"minecraft:sand":13,"minecraft:dirt":123,"minecraft:cracked_stone_bricks":4,"minecraft:stone_bricks":18,"minecraft:mossy_stone_bricks":1,"minecraft:oak_leaves":2},"minecraft:custom":{"minecraft:mob_kills":52,"minecraft:interact_with_crafting_table":28,"minecraft:open_barrel":7,"minecraft:bell_ring":1,"minecraft:leave_game":13,"minecraft:time_since_death":20487,"minecraft:climb_one_cm":8345,"minecraft:damage_resisted":446,"minecraft:sprint_one_cm":578090,"minecraft:walk_one_cm":552726,"minecraft:damage_blocked_by_shield":1810,"minecraft:drop":67,"minecraft:talked_to_villager":3,"minecraft:deaths":34,"minecraft:sneak_time":5154,"minecraft:walk_under_water_one_cm":68151,"minecraft:boat_one_cm":1265611,"minecraft:jump":3318,"minecraft:walk_on_water_one_cm":60297,"minecraft:interact_with_furnace":13,"minecraft:tune_noteblock":86,"minecraft:play_one_minute":271878,"minecraft:sleep_in_bed":2,"minecraft:time_since_rest":20548,"minecraft:damage_taken":2147483647,"minecraft:damage_dealt":11043,"minecraft:swim_one_cm":276600,"minecraft:fly_one_cm":725611,"minecraft:open_chest":24,"minecraft:crouch_one_cm":9901,"minecraft:fall_one_cm":90871},"minecraft:crafted":{"minecraft:oak_planks":24,"minecraft:dark_oak_boat":1,"minecraft:cooked_chicken":2,"minecraft:furnace":1,"minecraft:cooked_mutton":2,"minecraft:stone_pickaxe":2,"minecraft:dark_oak_planks":192,"livingthings:cooked_elephant":2,"minecraft:wheat":165,"livingthings:cooked_lion":1,"minecraft:crafting_table":8,"minecraft:wooden_pickaxe":2,"minecraft:dark_oak_button":1,"minecraft:stone_axe":3,"minecraft:bread":140,"minecraft:air":0,"minecraft:oak_boat":2,"minecraft:white_wool":1,"minecraft:stick":16,"minecraft:stone_sword":1,"minecraft:torch":4},"minecraft:killed_by":{"minecraft:zombie_villager":2,"minecraft:player":6,"minecraft:spider":3,"livingthings:lion":3,"minecraft:drowned":1,"iceandfire:sea_serpent":2,"minecraft:vindicator":3,"iceandfire:gorgon":2,"minecraft:skeleton":2,"minecraft:zombie":5,"livingthings:elephant":2,"livingthings:shark":3},"minecraft:broken":{"mowziesmobs:barakoa_mask_misery":1,"minecraft:stone_axe":2},"minecraft:used":{"minecraft:stone_sword":64,"minecraft:shield":59,"minecraft:iron_sword":200,"minecraft:cooked_chicken":2,"minecraft:rotten_flesh":10,"minecraft:torch":2,"minecraft:dirt":47,"mowziesmobs:glowing_jelly":5,"minecraft:dark_oak_planks":60,"minecraft:light_blue_bed":1,"minecraft:stone_bricks":21,"livingthings:cooked_lion":1,"iceandfire:podium_birch":1,"minecraft:dark_oak_boat":1,"minecraft:oak_sapling":1,"minecraft:furnace":3,"dynamictrees:dark_oak_seed":2,"minecraft:egg":1,"minecraft:dark_oak_sapling":3,"minecraft:wheat_seeds":105,"minecraft:cooked_mutton":3,"minecraft:stone_pickaxe":112,"minecraft:wooden_pickaxe":32,"minecraft:sand":2,"minecraft:crafting_table":11,"minecraft:apple":1,"minecraft:bread":48,"minecraft:stone_axe":21,"minecraft:diamond_sword":5,"minecraft:cobblestone":1,"minecraft:oak_boat":2,"iceandfire:fire_lily":1},"minecraft:dropped":{"minecraft:bread":65,"minecraft:wheat_seeds":139,"minecraft:crafting_table":2,"minecraft:oak_fence":1,"minecraft:cobblestone":1,"minecraft:cracked_stone_bricks":1,"iceandfire:myrmex_desert_chitin":2,"minecraft:potion":1,"gravestone:obituary":39,"minecraft:white_wool":1,"minecraft:bone":1,"minecraft:stone_brick_slab":1,"iceandfire:dragonbone":1,"minecraft:redstone":3,"minecraft:stone_sword":1,"minecraft:rotten_flesh":33,"minecraft:poppy":1,"minecraft:potato":1,"minecraft:spider_eye":1}},"DataVersion":2586}