{"stats":{"minecraft:picked_up":{"minecraft:dark_oak_sapling":4,"minecraft:stick":5,"minecraft:crafting_table":4,"minecraft:dark_oak_boat":1,"minecraft:gravel":1,"mowziesmobs:glowing_jelly":5,"minecraft:sand":8,"minecraft:dark_oak_log":319,"minecraft:dirt":70,"minecraft:string":1,"minecraft:dark_oak_planks":54,"minecraft:bone":4,"minecraft:arrow":4,"minecraft:rotten_flesh":10,"minecraft:kelp":2,"minecraft:wheat_seeds":3,"dynamictrees:dark_oak_seed":2,"minecraft:iron_sword":1,"minecraft:coal":11,"minecraft:cobblestone":35,"minecraft:egg":1},"minecraft:killed":{"minecraft:skeleton":2,"mowziesmobs:lantern":3,"minecraft:zombie":4,"minecraft:spider":2},"minecraft:mined":{"minecraft:dark_oak_log":10,"minecraft:gravel":1,"minecraft:crafting_table":3,"gravestone:gravestone":13,"minecraft:grass":19,"minecraft:grass_block":12,"minecraft:coal_ore":11,"minecraft:dark_oak_sapling":1,"minecraft:sand":8,"minecraft:dirt":27,"minecraft:mushroom_stem":2,"minecraft:tall_grass":1,"minecraft:stone":37,"minecraft:kelp":2},"minecraft:crafted":{"minecraft:crafting_table":4,"minecraft:stick":16,"minecraft:wooden_pickaxe":2,"minecraft:stone_pickaxe":2,"minecraft:stone_sword":1,"minecraft:dark_oak_button":1,"minecraft:dark_oak_planks":164,"minecraft:stone_axe":3},"minecraft:custom":{"minecraft:time_since_rest":6054,"minecraft:sprint_one_cm":180431,"minecraft:damage_taken":8321,"minecraft:walk_one_cm":135362,"minecraft:mob_kills":11,"minecraft:drop":17,"minecraft:damage_dealt":1596,"minecraft:swim_one_cm":70592,"minecraft:interact_with_crafting_table":13,"minecraft:fly_one_cm":140947,"minecraft:play_one_minute":87252,"minecraft:crouch_one_cm":929,"minecraft:deaths":15,"minecraft:sneak_time":664,"minecraft:walk_under_water_one_cm":36374,"minecraft:boat_one_cm":599441,"minecraft:jump":814,"minecraft:leave_game":6,"minecraft:time_since_death":5959,"minecraft:walk_on_water_one_cm":27826,"minecraft:fall_one_cm":20645},"minecraft:killed_by":{"livingthings:shark":3,"minecraft:player":3,"minecraft:drowned":1,"minecraft:skeleton":1,"minecraft:spider":2,"minecraft:zombie":5},"minecraft:broken":{"minecraft:stone_axe":2},"minecraft:dropped":{"minecraft:wheat_seeds":2,"minecraft:crafting_table":1,"gravestone:obituary":15},"minecraft:used":{"minecraft:stone_sword":44,"minecraft:stone_pickaxe":26,"minecraft:wooden_pickaxe":29,"minecraft:iron_sword":2,"minecraft:rotten_flesh":6,"minecraft:stone_axe":17,"minecraft:dirt":43,"minecraft:sand":2,"minecraft:crafting_table":4,"dynamictrees:dark_oak_seed":2,"minecraft:egg":1,"mowziesmobs:glowing_jelly":3,"minecraft:dark_oak_sapling":3}},"DataVersion":2586}