{"stats":{"minecraft:crafted":{"minecraft:oak_planks":24,"minecraft:cooked_chicken":7,"minecraft:furnace":2,"minecraft:cooked_mutton":2,"minecraft:flint_and_steel":1,"minecraft:scaffolding":6,"minecraft:stone_pickaxe":2,"minecraft:wheat":252,"minecraft:crafting_table":2,"minecraft:wooden_pickaxe":1,"minecraft:stone_axe":1,"minecraft:bread":57,"minecraft:air":0,"minecraft:jungle_planks":20,"minecraft:stone_sword":1},"minecraft:used":{"minecraft:stone_sword":32,"minecraft:red_sand":12,"minecraft:flint_and_steel":3,"minecraft:decorated_pot":4,"minecraft:cooked_chicken":7,"minecraft:dirt":4,"mcwwindows:cobblestone_arrow_slit":1,"minecraft:lava_bucket":7,"minecraft:beef":1,"minecraft:scaffolding":6,"minecraft:furnace":1,"minecraft:oak_sapling":1,"mcwwindows:oak_plank_window2":2,"minecraft:wheat_seeds":5,"minecraft:cooked_mutton":2,"minecraft:water_bucket":7,"minecraft:sandstone_stairs":1,"minecraft:stone_pickaxe":48,"minecraft:oak_planks":5,"minecraft:cactus":7,"minecraft:wooden_pickaxe":60,"minecraft:sandstone":2,"minecraft:cut_sandstone":5,"minecraft:green_bed":1,"minecraft:glow_berries":1,"minecraft:sand":23,"minecraft:crafting_table":6,"minecraft:white_bed":1,"minecraft:oak_log":2,"minecraft:apple":1,"minecraft:melon_slice":24,"minecraft:bread":22,"minecraft:gravel":23,"minecraft:stone_axe":124,"minecraft:porkchop":2,"bosses_of_mass_destruction:levitation_block":2,"minecraft:sandstone_slab":1,"minecraft:bucket":14},"minecraft:killed_by":{"minecraft:husk":14,"minecraft:creeper":2,"minecraft:spider":1,"monsterplus:overgrown_skeleton":2,"minecraft:skeleton":6,"minecraft:zombie":2},"minecraft:broken":{"minecraft:wooden_pickaxe":1,"minecraft:stone_axe":1},"minecraft:custom":{"minecraft:mob_kills":40,"minecraft:interact_with_crafting_table":14,"minecraft:bell_ring":1,"minecraft:leave_game":13,"minecraft:time_since_death":1599,"minecraft:climb_one_cm":6874,"minecraft:sprint_one_cm":334350,"minecraft:walk_one_cm":435026,"minecraft:drop":14,"minecraft:talked_to_villager":2,"minecraft:play_time":171319,"minecraft:deaths":29,"minecraft:sneak_time":2481,"minecraft:walk_under_water_one_cm":12645,"minecraft:jump":2623,"minecraft:walk_on_water_one_cm":10167,"minecraft:total_world_time":171319,"minecraft:interact_with_furnace":10,"minecraft:sleep_in_bed":3,"minecraft:time_since_rest":1640,"minecraft:damage_taken":9136,"minecraft:damage_dealt":6731,"minecraft:swim_one_cm":40431,"minecraft:fly_one_cm":580753,"minecraft:open_chest":21,"minecraft:crouch_one_cm":3885,"minecraft:fall_one_cm":63954,"minecraft:inspect_dispenser":3,"minecraft:horse_one_cm":125},"minecraft:dropped":{"minecraft:wheat_seeds":3,"minecraft:decorated_pot":5,"minecraft:sandstone_slab":2,"minecraft:cobblestone":18,"minecraft:iron_pickaxe":1,"minecraft:string":1,"minecraft:stone_axe":2,"minecraft:stone_sword":1,"travelersbackpack:gold_tier_upgrade":1},"minecraft:mined":{"minecraft:cut_sandstone_slab":1,"minecraft:white_bed":3,"minecraft:red_sand":14,"minecraft:grass_block":6,"minecraft:decorated_pot":6,"minecraft:jungle_log":5,"minecraft:coal_block":6,"minecraft:sandstone":10,"minecraft:sandstone_stairs":1,"minecraft:spawner":3,"minecraft:hay_block":27,"minecraft:furnace":1,"minecraft:chiseled_sandstone":1,"minecraft:suspicious_sand":4,"minecraft:iron_bars":2,"minecraft:bamboo":2,"minecraft:stone":46,"minecraft:green_bed":1,"minecraft:tripwire":1,"minecraft:cut_sandstone":13,"minecraft:scaffolding":2,"mcwwindows:cobblestone_arrow_slit":1,"minecraft:orange_terracotta":1,"minecraft:crafting_table":4,"minecraft:torch":1,"minecraft:short_grass":19,"minecraft:melon":7,"minecraft:dead_bush":21,"minecraft:tall_grass":1,"minecraft:cyan_bed":1,"minecraft:sugar_cane":1,"minecraft:oak_planks":5,"minecraft:wall_torch":4,"minecraft:cactus":6,"minecraft:wheat":5,"minecraft:oak_log":8,"minecraft:gravel":23,"minecraft:sand":49,"minecraft:dirt":14,"minecraft:terracotta":1,"minecraft:oak_leaves":5,"minecraft:fern":4},"minecraft:picked_up":{"minecraft:crafting_table":10,"minecraft:wheat":10,"minecraft:sandstone_slab":6,"minecraft:chicken":11,"minecraft:wooden_pickaxe":2,"minecraft:shield":1,"minecraft:string":3,"minecraft:flint_and_steel":4,"minecraft:red_sand":19,"bosses_of_mass_destruction:soul_star":1,"minecraft:bucket":2,"minecraft:beef":56,"minecraft:jungle_sapling":6,"minecraft:melon_slice":118,"minecraft:coal_block":15,"minecraft:egg":8,"minecraft:furnace":3,"minecraft:stick":110,"minecraft:sandstone":48,"minecraft:green_bed":1,"minecraft:porkchop":2,"minecraft:arrow":26,"minecraft:stone_sword":2,"minecraft:cactus":33,"minecraft:rotten_flesh":201,"minecraft:decorated_pot":10,"minecraft:hay_block":28,"minecraft:sandstone_stairs":1,"minecraft:saddle":3,"minecraft:gold_ingot":36,"minecraft:cobblestone":85,"minecraft:glow_berries":1,"minecraft:mutton":2,"minecraft:iron_bars":2,"minecraft:skeleton_skull":3,"minecraft:white_wool":7,"minecraft:dune_armor_trim_smithing_template":6,"minecraft:water_bucket":1,"minecraft:jungle_log":42,"minecraft:cut_sandstone":99,"minecraft:leather":4,"minecraft:potato":92,"minecraft:flint":1,"minecraft:oak_log":17,"minecraft:gunpowder":1,"minecraft:wither_skeleton_skull":3,"travelersbackpack:gold_tier_upgrade":5,"minecraft:dirt":125,"minecraft:orange_terracotta":2,"minecraft:bone":84,"minecraft:apple":6,"minecraft:stone_bricks":1,"minecraft:bow":2,"mcwwindows:cobblestone_arrow_slit":1,"minecraft:wheat_seeds":14,"minecraft:stone_pickaxe":8,"minecraft:bamboo":139,"minecraft:oak_planks":78,"minecraft:scaffolding":5,"minecraft:lava_bucket":3,"minecraft:gravel":23,"minecraft:jungle_planks":40,"minecraft:sand":147,"minecraft:white_bed":3,"minecraft:cyan_bed":1,"minecraft:chiseled_sandstone":1,"minecraft:blue_terracotta":1,"minecraft:diamond":21,"minecraft:stone_axe":11,"realistictorches:unlit_torch":25,"minecraft:bone_meal":5,"minecraft:bread":118,"minecraft:emerald":24,"minecraft:terracotta":1,"minecraft:oak_sapling":29},"minecraft:killed":{"minecraft:spider":1,"minecraft:skeleton":9,"minecraft:husk":21,"minecraft:pig":1,"minecraft:sheep":1,"minecraft:zombie":2,"monsterplus:overgrown_skeleton":1,"minecraft:enderman":1,"minecraft:cow":1}},"DataVersion":3700}