{"stats":{"minecraft:killed":{"minecraft:spider":2,"mowziesmobs:lantern":3,"minecraft:skeleton":5,"minecraft:zombie":4},"minecraft:picked_up":{"minecraft:crafting_table":5,"minecraft:dark_oak_boat":1,"mowziesmobs:glowing_jelly":5,"minecraft:oak_log":3,"minecraft:string":1,"minecraft:dirt":70,"minecraft:bone":7,"minecraft:stone_bricks":4,"minecraft:kelp":2,"dynamictrees:dark_oak_seed":2,"minecraft:wheat_seeds":3,"minecraft:iron_sword":1,"minecraft:egg":1,"minecraft:dark_oak_sapling":4,"minecraft:stick":5,"minecraft:gravel":1,"minecraft:sand":8,"minecraft:redstone":1,"minecraft:dark_oak_log":320,"minecraft:dark_oak_planks":54,"minecraft:arrow":4,"minecraft:rotten_flesh":10,"minecraft:coal":11,"minecraft:cobblestone":35},"minecraft:mined":{"minecraft:dark_oak_log":11,"minecraft:crafting_table":4,"gravestone:gravestone":15,"minecraft:grass_block":12,"minecraft:mushroom_stem":2,"minecraft:tall_grass":1,"minecraft:kelp":2,"minecraft:grass":20,"minecraft:coal_ore":11,"minecraft:oak_log":3,"minecraft:vine":1,"minecraft:dark_oak_sapling":1,"minecraft:dirt":27,"minecraft:gravel":1,"minecraft:sand":8,"minecraft:stone":37},"minecraft:custom":{"minecraft:mob_kills":14,"minecraft:interact_with_crafting_table":16,"minecraft:play_one_minute":99252,"minecraft:leave_game":6,"minecraft:time_since_death":70,"minecraft:climb_one_cm":1120,"minecraft:time_since_rest":96,"minecraft:sprint_one_cm":187115,"minecraft:damage_taken":2147483647,"minecraft:walk_one_cm":163079,"minecraft:drop":17,"minecraft:damage_dealt":2291,"minecraft:swim_one_cm":76266,"minecraft:fly_one_cm":148852,"minecraft:crouch_one_cm":1370,"minecraft:deaths":17,"minecraft:sneak_time":918,"minecraft:walk_under_water_one_cm":42282,"minecraft:boat_one_cm":790886,"minecraft:jump":857,"minecraft:walk_on_water_one_cm":29923,"minecraft:fall_one_cm":22040},"minecraft:crafted":{"minecraft:oak_planks":12,"minecraft:crafting_table":5,"minecraft:wooden_pickaxe":2,"minecraft:dark_oak_button":1,"minecraft:stone_axe":3,"minecraft:oak_boat":1,"minecraft:stick":16,"minecraft:stone_pickaxe":2,"minecraft:stone_sword":1,"minecraft:dark_oak_planks":168},"minecraft:killed_by":{"iceandfire:gorgon":2,"minecraft:player":3,"minecraft:skeleton":1,"minecraft:spider":2,"minecraft:zombie":5,"livingthings:shark":3,"minecraft:drowned":1},"minecraft:broken":{"minecraft:stone_axe":2},"minecraft:dropped":{"minecraft:wheat_seeds":2,"minecraft:crafting_table":1,"gravestone:obituary":15},"minecraft:used":{"minecraft:stone_sword":47,"minecraft:stone_pickaxe":26,"minecraft:wooden_pickaxe":29,"minecraft:iron_sword":13,"minecraft:rotten_flesh":6,"minecraft:dirt":43,"minecraft:sand":2,"minecraft:crafting_table":5,"mowziesmobs:glowing_jelly":4,"minecraft:stone_axe":17,"minecraft:oak_boat":1,"minecraft:egg":1,"dynamictrees:dark_oak_seed":2,"minecraft:dark_oak_sapling":3}},"DataVersion":2586}