{"stats":{"minecraft:killed":{"minecraft:sheep":1,"monsterplus:overgrown_skeleton":1,"minecraft:cow":1},"minecraft:custom":{"minecraft:time_since_rest":14754,"minecraft:damage_taken":1914,"minecraft:sprint_one_cm":105530,"minecraft:walk_one_cm":113932,"minecraft:mob_kills":4,"minecraft:damage_dealt":719,"minecraft:swim_one_cm":4335,"minecraft:interact_with_crafting_table":2,"minecraft:fly_one_cm":261548,"minecraft:crouch_one_cm":1400,"minecraft:play_time":66235,"minecraft:deaths":7,"minecraft:sneak_time":1508,"minecraft:walk_under_water_one_cm":3802,"minecraft:jump":1024,"minecraft:leave_game":8,"minecraft:time_since_death":14538,"minecraft:walk_on_water_one_cm":2642,"minecraft:climb_one_cm":2988,"minecraft:total_world_time":66235,"minecraft:fall_one_cm":23643},"minecraft:picked_up":{"minecraft:stick":73,"minecraft:crafting_table":3,"minecraft:water_bucket":1,"minecraft:jungle_log":2,"minecraft:leather":2,"minecraft:sand":60,"minecraft:oak_log":8,"minecraft:dirt":15,"minecraft:cactus":33,"minecraft:red_sand":17,"minecraft:beef":3,"minecraft:bamboo":12,"minecraft:oak_sapling":10,"minecraft:melon_slice":10,"minecraft:glow_berries":1,"minecraft:mutton":2,"minecraft:oak_planks":65,"minecraft:white_wool":1,"minecraft:cobblestone":32,"minecraft:egg":4},"minecraft:used":{"minecraft:oak_log":2,"minecraft:water_bucket":4,"minecraft:red_sand":12,"minecraft:melon_slice":5,"minecraft:oak_planks":5,"minecraft:cactus":7,"minecraft:wooden_pickaxe":44,"minecraft:glow_berries":1,"minecraft:dirt":1,"minecraft:sand":9,"minecraft:crafting_table":2,"minecraft:oak_sapling":1,"bosses_of_mass_destruction:levitation_block":2,"minecraft:bucket":4,"mcwwindows:oak_plank_window2":2},"minecraft:mined":{"minecraft:cactus":6,"minecraft:short_grass":5,"minecraft:red_sand":13,"minecraft:grass_block":4,"minecraft:oak_log":8,"minecraft:melon":2,"minecraft:jungle_log":2,"minecraft:dead_bush":21,"minecraft:dirt":11,"minecraft:sand":12,"minecraft:bamboo":1,"minecraft:stone":32,"minecraft:oak_planks":5,"minecraft:oak_leaves":5,"minecraft:fern":4},"minecraft:killed_by":{"minecraft:husk":1,"monsterplus:overgrown_skeleton":2,"minecraft:skeleton":1,"minecraft:creeper":1,"minecraft:spider":1},"minecraft:crafted":{"minecraft:oak_planks":24,"minecraft:crafting_table":1,"minecraft:wooden_pickaxe":1,"minecraft:jungle_planks":8}},"DataVersion":3700}