{"stats":{"minecraft:killed":{"blue_skies:armored_frost_spirit":2,"minecraft:witch":4,"iceandfire:gorgon":1,"minecraft:spider":10,"minecraft:skeleton":38,"livingthings:lion":2,"minecraft:chicken":4,"minecraft:piglin_brute":13,"iceandfire:myrmex_worker":2,"minecraft:magma_cube":15,"minecraft:zombie_villager":2,"iceandfire:cockatrice":1,"mowziesmobs:lantern":3,"minecraft:pillager":7,"minecraft:zombie":34,"minecraft:cow":6,"livingthings:snail":1,"minecraft:vindicator":1,"minecraft:husk":3,"iceandfire:cyclops":2,"iceandfire:myrmex_soldier":1,"iceandfire:ghost":4,"minecraft:enderman":1},"minecraft:dropped":{"minecraft:iron_sword":1,"minecraft:crafting_table":8,"iceandfire:tide_trident":1,"minecraft:cracked_stone_bricks":1,"cwsr:ender_essence":1,"minecraft:gray_concrete":8,"iceandfire:myrmex_desert_chitin":2,"gravestone:obituary":45,"minecraft:gold_nugget":64,"cwsr:beast_essence":1,"minecraft:dark_oak_planks":4,"minecraft:white_wool":1,"minecraft:bone":1,"minecraft:rotten_flesh":34,"minecraft:poppy":1,"cwsr:thunder_essence":1,"comforts:sleeping_bag_white":1,"minecraft:bread":65,"minecraft:wheat_seeds":141,"minecraft:oak_fence":1,"minecraft:cobblestone":1,"minecraft:lead":1,"cwsr:dark_essence":1,"iceandfire:cyclops_eye":1,"minecraft:spruce_stairs":1,"minecraft:coal":1,"minecraft:diamond_horse_armor":1,"minecraft:potion":1,"iceandfire:dragonbone":1,"minecraft:stone_brick_slab":1,"minecraft:redstone":3,"minecraft:stone_sword":1,"sophisticatedbackpacks:backpack":1,"minecraft:potato":1,"minecraft:redstone_torch":1,"minecraft:spider_eye":1,"minecraft:sandstone":8,"minecraft:cyan_bed":2},"minecraft:killed_by":{"minecraft:zombie_villager":2,"iceandfire:cyclops":3,"minecraft:piglin_brute":2,"blue_skies:polargeist":1,"livingthings:lion":3,"minecraft:drowned":1,"iceandfire:sea_serpent":2,"minecraft:vindicator":3,"minecraft:zombie":5,"livingthings:elephant":2,"iceandfire:fire_dragon":3,"minecraft:player":12,"minecraft:spider":3,"iceandfire:gorgon":2,"minecraft:skeleton":3,"livingthings:shark":3,"iceandfire:ghost":3},"minecraft:custom":{"minecraft:interact_with_crafting_table":51,"minecraft:open_barrel":19,"minecraft:bell_ring":1,"minecraft:leave_game":35,"minecraft:time_since_death":13262,"minecraft:damage_resisted":446,"minecraft:sprint_one_cm":881102,"minecraft:damage_blocked_by_shield":3010,"minecraft:drop":98,"minecraft:talked_to_villager":11,"minecraft:deaths":54,"minecraft:jump":5736,"minecraft:walk_on_water_one_cm":101431,"minecraft:interact_with_furnace":19,"minecraft:play_one_minute":472271,"minecraft:sleep_in_bed":8,"minecraft:damage_dealt":34148,"minecraft:crouch_one_cm":23558,"minecraft:inspect_dispenser":4,"minecraft:mob_kills":164,"minecraft:inspect_hopper":1,"minecraft:climb_one_cm":39286,"minecraft:walk_one_cm":1031418,"minecraft:sneak_time":11863,"minecraft:walk_under_water_one_cm":114081,"minecraft:boat_one_cm":1265611,"minecraft:tune_noteblock":86,"minecraft:interact_with_stonecutter":1,"minecraft:time_since_rest":2480,"minecraft:damage_taken":2147483647,"minecraft:damage_absorbed":14,"minecraft:trigger_trapped_chest":4,"minecraft:swim_one_cm":313239,"minecraft:fly_one_cm":1294419,"minecraft:open_chest":108,"minecraft:fall_one_cm":155770},"minecraft:crafted":{"minecraft:oak_planks":24,"minecraft:dark_oak_boat":1,"minecraft:cooked_chicken":2,"minecraft:cooked_mutton":3,"minecraft:iron_boots":1,"minecraft:chest":2,"livingthings:cooked_elephant":2,"sophisticatedbackpacks:backpack":2,"minecraft:crafting_table":8,"minecraft:wooden_pickaxe":2,"minecraft:iron_helmet":1,"minecraft:shield":1,"minecraft:stick":16,"minecraft:stone_sword":1,"minecraft:gold_ingot":36,"comforts:sleeping_bag_white":1,"minecraft:furnace":1,"minecraft:flint_and_steel":1,"minecraft:stone_pickaxe":2,"minecraft:dark_oak_planks":208,"minecraft:wheat":246,"livingthings:cooked_lion":1,"iceandfire:tide_trident":1,"minecraft:bucket":1,"minecraft:dark_oak_button":1,"minecraft:stone_axe":3,"minecraft:bread":167,"minecraft:air":0,"minecraft:oak_boat":2,"minecraft:white_wool":1,"minecraft:iron_leggings":1,"minecraft:torch":4},"minecraft:mined":{"minecraft:dark_oak_planks":2,"minecraft:stone_pressure_plate":1,"iceandfire:graveyard_soil":1,"minecraft:grass_block":39,"minecraft:hopper":2,"minecraft:spawner":5,"comforts:sleeping_bag_white":1,"minecraft:tall_seagrass":2,"blue_skies:blue_fire":3,"minecraft:fire":10,"iceandfire:gold_pile":21,"minecraft:light_gray_concrete":4,"minecraft:tripwire":2,"minecraft:orange_terracotta":1,"minecraft:chiseled_quartz_block":1,"minecraft:torch":2,"iceandfire:ghost_chest":1,"minecraft:dead_bush":1,"minecraft:mushroom_stem":3,"iceandfire:fire_lily":1,"minecraft:cobblestone":2,"minecraft:cyan_bed":13,"minecraft:wall_torch":6,"minecraft:skeleton_skull":1,"minecraft:seagrass":3,"minecraft:blue_terracotta":1,"minecraft:light_gray_stained_glass":6,"minecraft:wheat":128,"iceandfire:podium_birch":1,"minecraft:grass":60,"minecraft:oak_log":6,"minecraft:dark_oak_sapling":1,"minecraft:sand":29,"minecraft:dirt":131,"minecraft:oak_leaves":2,"minecraft:redstone_lamp":2,"minecraft:dark_oak_log":16,"gravestone:gravestone":52,"minecraft:kelp":2,"minecraft:sandstone":7,"minecraft:hay_block":29,"minecraft:black_stained_glass_pane":6,"minecraft:furnace":4,"blue_skies:crescent_fruit":1,"minecraft:vine":2,"minecraft:packed_ice":1,"minecraft:stone":58,"minecraft:redstone_wall_torch":3,"minecraft:gray_concrete":8,"blue_skies:turquoise_grass":6,"minecraft:stone_brick_slab":1,"minecraft:oak_fence":1,"minecraft:crafting_table":17,"dynamictrees:acacia_leaves":4,"minecraft:tall_grass":4,"minecraft:diorite":3,"minecraft:spruce_stairs":1,"minecraft:light_blue_bed":1,"minecraft:beehive":1,"minecraft:redstone_torch":2,"minecraft:bee_nest":1,"minecraft:coal_ore":35,"minecraft:gravel":1,"minecraft:cobweb":7,"minecraft:cracked_stone_bricks":4,"minecraft:stone_bricks":18,"minecraft:mossy_stone_bricks":1},"minecraft:used":{"iceandfire:tide_trident":1,"minecraft:shield":90,"minecraft:iron_sword":200,"minecraft:rotten_flesh":10,"minecraft:packed_ice":1,"minecraft:lava_bucket":9,"minecraft:grass_block":1,"minecraft:light_blue_bed":1,"minecraft:stone_bricks":21,"livingthings:cooked_lion":1,"minecraft:redstone_lamp":2,"minecraft:dark_oak_boat":1,"minecraft:furnace":5,"minecraft:oak_sapling":1,"minecraft:egg":1,"minecraft:dark_oak_sapling":3,"minecraft:stone_pickaxe":165,"minecraft:oak_planks":3,"minecraft:wooden_pickaxe":32,"minecraft:sandstone":1,"minecraft:sand":2,"cwsr:cyan_sword":9,"minecraft:redstone_torch":7,"blue_skies:brewberry":3,"minecraft:light_gray_concrete":4,"minecraft:cyan_bed":13,"minecraft:bread":149,"minecraft:string":3,"minecraft:diamond_sword":571,"minecraft:oak_boat":2,"iceandfire:fire_lily":1,"minecraft:netherite_sword":10,"minecraft:stone_sword":64,"minecraft:flint_and_steel":14,"minecraft:cooked_chicken":2,"minecraft:torch":23,"minecraft:dirt":81,"mowziesmobs:glowing_jelly":5,"minecraft:dark_oak_planks":60,"iceandfire:podium_birch":1,"dynamictrees:dark_oak_seed":2,"comforts:sleeping_bag_white":2,"minecraft:stone_pressure_plate":1,"minecraft:orange_terracotta":1,"minecraft:wheat_seeds":105,"minecraft:cooked_mutton":5,"minecraft:water_bucket":15,"minecraft:crafting_table":24,"minecraft:apple":1,"minecraft:oxeye_daisy":1,"minecraft:chicken":1,"iceandfire:graveyard_soil":1,"blue_skies:crescent_fruit":1,"minecraft:stone_axe":33,"minecraft:cobblestone":1,"minecraft:bucket":26,"livingthings:cooked_elephant":3},"minecraft:picked_up":{"iceandfire:deathworm_egg":1,"minecraft:iron_chestplate":3,"minecraft:wheat":181,"iceandfire:copper_sword":2,"minecraft:lead":1,"minecraft:diamond_sword":1,"minecraft:potion":2,"minecraft:stone_brick_stairs":2,"minecraft:string":25,"cwsr:ender_essence":1,"dynamictrees:dark_oak_seed":2,"minecraft:gold_nugget":394,"comforts:sleeping_bag_white":3,"minecraft:redstone_torch":5,"minecraft:furnace":4,"minecraft:iron_boots":2,"minecraft:stick":11,"iceandfire:ghost_chest":1,"minecraft:oak_fence":1,"minecraft:torch":11,"minecraft:spruce_stairs":1,"minecraft:stone_sword":1,"minecraft:rotten_flesh":63,"iceandfire:myrmex_desert_chitin":2,"mowziesmobs:barakoa_mask_misery":1,"minecraft:cobblestone":62,"blue_skies:crescent_fruit":1,"blue_skies:brewberry":3,"cwsr:dark_essence":1,"minecraft:dark_oak_boat":4,"minecraft:potato":22,"minecraft:flint":1,"minecraft:gray_concrete":8,"minecraft:dirt":227,"cwsr:beast_essence":1,"minecraft:bone":57,"minecraft:wheat_seeds":155,"minecraft:mossy_stone_bricks":1,"minecraft:oak_planks":6,"iceandfire:dragon_skull_fire":1,"minecraft:sand":12,"minecraft:grass_block":1,"minecraft:cyan_bed":15,"minecraft:dark_oak_log":326,"minecraft:light_gray_concrete":4,"blue_skies:pine_fruit_seeds":1,"minecraft:blue_terracotta":1,"minecraft:diamond":1,"minecraft:crossbow":1,"livingthings:elephant":2,"minecraft:bread":21,"minecraft:emerald":1,"iceandfire:gorgon_head":2,"iceandfire:tide_trident":1,"minecraft:oak_sapling":2,"iceandfire:copper_ingot":1,"livingthings:lion":2,"minecraft:crafting_table":25,"cwsr:thunder_essence":1,"iceandfire:witherbone":1,"minecraft:chicken":4,"minecraft:ladder":2,"minecraft:redstone_lamp":2,"iceandfire:fire_lily":1,"blue_skies:blue_journal":1,"minecraft:packed_ice":1,"minecraft:wooden_pickaxe":2,"mowziesmobs:glowing_jelly":5,"minecraft:diamond_horse_armor":1,"minecraft:chain":1,"gravestone:obituary":17,"minecraft:shield":2,"minecraft:blue_orchid":1,"minecraft:cracked_stone_bricks":2,"iceandfire:graveyard_soil":1,"iceandfire:bestiary":1,"minecraft:beef":22,"minecraft:poppy":2,"minecraft:egg":3,"minecraft:dark_oak_sapling":4,"iceandfire:dragonbone":43,"minecraft:sandstone":25,"minecraft:redstone":3,"minecraft:light_blue_bed":2,"minecraft:stone_pressure_plate":1,"minecraft:dark_oak_planks":66,"iceandfire:silver_ingot":1,"minecraft:arrow":44,"iceandfire:cyclops_eye":1,"minecraft:hay_block":29,"minecraft:gold_ingot":2,"minecraft:white_wool":5,"minecraft:mutton":1,"minecraft:skeleton_skull":3,"minecraft:oxeye_daisy":1,"iceandfire:sea_serpent_fang":1,"minecraft:leather":17,"minecraft:oak_log":6,"iceandfire:ectoplasm":1,"minecraft:orange_terracotta":2,"minecraft:cooked_mutton":1,"minecraft:apple":1,"minecraft:stone_bricks":21,"minecraft:kelp":2,"minecraft:rabbit_hide":1,"minecraft:stone_pickaxe":1,"minecraft:iron_ingot":5,"minecraft:cobweb":5,"minecraft:iron_sword":2,"minecraft:book":13,"blue_skies:winter_leaf_seeds":1,"iceandfire:podium_birch":1,"minecraft:stone_brick_slab":1,"minecraft:gravel":1,"minecraft:spider_eye":2,"livingthings:cooked_elephant":1,"minecraft:slime_ball":1,"minecraft:iron_helmet":1,"minecraft:coal":101},"minecraft:broken":{"minecraft:iron_boots":2,"minecraft:iron_chestplate":2,"minecraft:iron_leggings":1,"minecraft:stone_axe":2,"mowziesmobs:barakoa_mask_misery":1,"minecraft:chainmail_helmet":1,"minecraft:shield":1,"minecraft:iron_helmet":1}},"DataVersion":2586}