{"stats":{"minecraft:killed":{"iceandfire:gorgon":1,"minecraft:spider":4,"minecraft:skeleton":7,"livingthings:lion":2,"minecraft:chicken":3,"iceandfire:myrmex_worker":1,"minecraft:husk":2,"iceandfire:cockatrice":1,"mowziesmobs:lantern":3,"minecraft:zombie":5},"minecraft:picked_up":{"iceandfire:deathworm_egg":1,"livingthings:lion":2,"minecraft:crafting_table":6,"minecraft:wheat":6,"iceandfire:witherbone":1,"minecraft:chicken":2,"iceandfire:fire_lily":1,"minecraft:lead":1,"minecraft:wooden_pickaxe":2,"mowziesmobs:glowing_jelly":5,"minecraft:stone_brick_stairs":2,"gravestone:obituary":5,"minecraft:shield":1,"minecraft:string":6,"minecraft:cracked_stone_bricks":2,"iceandfire:bestiary":1,"dynamictrees:dark_oak_seed":2,"minecraft:egg":1,"minecraft:furnace":3,"minecraft:dark_oak_sapling":4,"minecraft:stick":5,"iceandfire:dragonbone":25,"minecraft:redstone":3,"minecraft:light_blue_bed":2,"minecraft:dark_oak_planks":55,"minecraft:arrow":10,"minecraft:rotten_flesh":16,"minecraft:hay_block":20,"iceandfire:myrmex_desert_chitin":2,"minecraft:cobblestone":57,"minecraft:skeleton_skull":3,"minecraft:dark_oak_boat":4,"minecraft:leather":1,"minecraft:potato":2,"minecraft:oak_log":6,"minecraft:dirt":173,"minecraft:cooked_mutton":1,"minecraft:bone":13,"minecraft:apple":1,"minecraft:stone_bricks":21,"minecraft:kelp":2,"minecraft:wheat_seeds":4,"minecraft:rabbit_hide":1,"minecraft:mossy_stone_bricks":1,"minecraft:iron_sword":1,"minecraft:oak_planks":3,"iceandfire:podium_birch":1,"minecraft:stone_brick_slab":1,"minecraft:gravel":1,"minecraft:sand":8,"minecraft:dark_oak_log":326,"minecraft:spider_eye":1,"livingthings:cooked_elephant":1,"minecraft:bread":20,"livingthings:elephant":2,"iceandfire:gorgon_head":2,"minecraft:oak_sapling":1,"minecraft:coal":100},"minecraft:mined":{"minecraft:dark_oak_planks":1,"minecraft:dark_oak_log":16,"gravestone:gravestone":26,"minecraft:grass_block":23,"minecraft:kelp":2,"minecraft:sandstone":4,"minecraft:hay_block":20,"minecraft:tall_seagrass":2,"minecraft:furnace":3,"minecraft:vine":1,"minecraft:stone":58,"minecraft:stone_brick_slab":1,"minecraft:crafting_table":5,"dynamictrees:acacia_leaves":3,"minecraft:dead_bush":1,"minecraft:mushroom_stem":2,"iceandfire:fire_lily":1,"minecraft:tall_grass":2,"minecraft:cobblestone":2,"minecraft:diorite":3,"minecraft:skeleton_skull":1,"minecraft:seagrass":2,"minecraft:light_blue_bed":1,"iceandfire:podium_birch":1,"minecraft:grass":34,"minecraft:coal_ore":35,"minecraft:oak_log":6,"minecraft:dark_oak_sapling":1,"minecraft:gravel":1,"minecraft:sand":12,"minecraft:dirt":123,"minecraft:cracked_stone_bricks":4,"minecraft:stone_bricks":18,"minecraft:mossy_stone_bricks":1,"minecraft:oak_leaves":2},"minecraft:custom":{"minecraft:mob_kills":30,"minecraft:interact_with_crafting_table":23,"minecraft:bell_ring":1,"minecraft:leave_game":12,"minecraft:time_since_death":2902,"minecraft:climb_one_cm":4823,"minecraft:sprint_one_cm":418930,"minecraft:walk_one_cm":386966,"minecraft:damage_blocked_by_shield":1140,"minecraft:drop":38,"minecraft:talked_to_villager":2,"minecraft:deaths":26,"minecraft:sneak_time":3731,"minecraft:walk_under_water_one_cm":63528,"minecraft:boat_one_cm":1265611,"minecraft:jump":2433,"minecraft:walk_on_water_one_cm":53219,"minecraft:interact_with_furnace":13,"minecraft:play_one_minute":212542,"minecraft:sleep_in_bed":1,"minecraft:time_since_rest":2928,"minecraft:damage_taken":2147483647,"minecraft:damage_dealt":6053,"minecraft:swim_one_cm":272918,"minecraft:fly_one_cm":514179,"minecraft:open_chest":9,"minecraft:crouch_one_cm":6485,"minecraft:fall_one_cm":63199},"minecraft:crafted":{"minecraft:oak_planks":24,"minecraft:dark_oak_boat":1,"minecraft:cooked_chicken":2,"minecraft:furnace":1,"minecraft:cooked_mutton":2,"minecraft:stone_pickaxe":2,"minecraft:dark_oak_planks":192,"livingthings:cooked_elephant":2,"minecraft:wheat":129,"livingthings:cooked_lion":1,"minecraft:crafting_table":8,"minecraft:wooden_pickaxe":2,"minecraft:dark_oak_button":1,"minecraft:stone_axe":3,"minecraft:bread":21,"minecraft:air":0,"minecraft:oak_boat":2,"minecraft:white_wool":1,"minecraft:stick":16,"minecraft:stone_sword":1,"minecraft:torch":4},"minecraft:killed_by":{"minecraft:player":6,"minecraft:spider":3,"livingthings:lion":2,"minecraft:drowned":1,"iceandfire:gorgon":2,"minecraft:skeleton":2,"minecraft:zombie":5,"livingthings:elephant":2,"livingthings:shark":3},"minecraft:broken":{"minecraft:stone_axe":2},"minecraft:dropped":{"minecraft:wheat_seeds":2,"minecraft:crafting_table":1,"minecraft:cobblestone":1,"minecraft:cracked_stone_bricks":1,"gravestone:obituary":27,"minecraft:white_wool":1,"minecraft:bone":1,"iceandfire:dragonbone":1,"minecraft:stone_brick_slab":1,"minecraft:redstone":3,"minecraft:potato":1,"minecraft:spider_eye":1},"minecraft:used":{"minecraft:stone_sword":64,"minecraft:shield":42,"minecraft:iron_sword":78,"minecraft:cooked_chicken":2,"minecraft:rotten_flesh":10,"minecraft:dirt":47,"mowziesmobs:glowing_jelly":5,"minecraft:dark_oak_planks":60,"minecraft:stone_bricks":11,"livingthings:cooked_lion":1,"minecraft:dark_oak_boat":1,"iceandfire:podium_birch":1,"minecraft:furnace":3,"minecraft:oak_sapling":1,"dynamictrees:dark_oak_seed":2,"minecraft:egg":1,"minecraft:dark_oak_sapling":3,"minecraft:cooked_mutton":1,"minecraft:stone_pickaxe":112,"minecraft:wooden_pickaxe":32,"minecraft:sand":2,"minecraft:crafting_table":9,"minecraft:apple":1,"minecraft:bread":22,"minecraft:stone_axe":18,"minecraft:cobblestone":1,"minecraft:oak_boat":2,"iceandfire:fire_lily":1}},"DataVersion":2586}