{"stats":{"minecraft:custom":{"minecraft:time_since_rest":10598,"minecraft:damage_taken":1053,"minecraft:crouch_one_cm":929,"minecraft:play_time":33016,"minecraft:sprint_one_cm":38191,"minecraft:deaths":4,"minecraft:walk_one_cm":44292,"minecraft:sneak_time":1152,"minecraft:walk_under_water_one_cm":758,"minecraft:mob_kills":1,"minecraft:jump":322,"minecraft:damage_dealt":209,"minecraft:leave_game":6,"minecraft:time_since_death":10566,"minecraft:walk_on_water_one_cm":94,"minecraft:climb_one_cm":433,"minecraft:total_world_time":33016,"minecraft:swim_one_cm":1246,"minecraft:fall_one_cm":6507,"minecraft:fly_one_cm":101551},"minecraft:picked_up":{"minecraft:stick":30,"minecraft:cactus":21,"minecraft:water_bucket":1,"minecraft:red_sand":14,"minecraft:sand":8,"minecraft:oak_log":4,"minecraft:bamboo":12,"minecraft:melon_slice":5},"minecraft:used":{"minecraft:water_bucket":2,"minecraft:oak_log":2,"minecraft:sand":8,"minecraft:red_sand":11,"minecraft:melon_slice":2,"bosses_of_mass_destruction:levitation_block":2,"minecraft:bucket":2,"minecraft:cactus":6,"mcwwindows:oak_plank_window2":2},"minecraft:mined":{"minecraft:melon":1,"minecraft:red_sand":12,"minecraft:oak_log":4,"minecraft:cactus":5,"minecraft:dead_bush":18,"minecraft:sand":9,"minecraft:bamboo":1},"minecraft:killed_by":{"minecraft:creeper":1,"monsterplus:overgrown_skeleton":2}},"DataVersion":3700}