{"stats":{"minecraft:mined":{"minecraft:red_sand":12,"minecraft:oak_log":2,"minecraft:cactus":5,"minecraft:dead_bush":16,"minecraft:sand":7,"minecraft:bamboo":1},"minecraft:used":{"minecraft:water_bucket":2,"minecraft:oak_log":2,"minecraft:red_sand":11,"minecraft:sand":4,"bosses_of_mass_destruction:levitation_block":2,"minecraft:bucket":2,"minecraft:cactus":6,"mcwwindows:oak_plank_window2":2},"minecraft:custom":{"minecraft:time_since_rest":7477,"minecraft:damage_taken":1053,"minecraft:crouch_one_cm":929,"minecraft:play_time":29895,"minecraft:sprint_one_cm":27523,"minecraft:deaths":4,"minecraft:walk_one_cm":36166,"minecraft:sneak_time":1152,"minecraft:walk_under_water_one_cm":758,"minecraft:mob_kills":1,"minecraft:jump":244,"minecraft:damage_dealt":199,"minecraft:leave_game":6,"minecraft:time_since_death":7445,"minecraft:walk_on_water_one_cm":94,"minecraft:total_world_time":29895,"minecraft:swim_one_cm":1246,"minecraft:fall_one_cm":3683,"minecraft:fly_one_cm":83833},"minecraft:killed_by":{"minecraft:creeper":1,"monsterplus:overgrown_skeleton":2},"minecraft:picked_up":{"minecraft:stick":28,"minecraft:cactus":21,"minecraft:water_bucket":1,"minecraft:red_sand":14,"minecraft:sand":6,"minecraft:oak_log":2,"minecraft:bamboo":12}},"DataVersion":3700}