{"stats":{"minecraft:custom":{"minecraft:interact_with_crafting_table":112,"minecraft:open_barrel":19,"minecraft:bell_ring":1,"minecraft:leave_game":55,"minecraft:time_since_death":95161,"minecraft:damage_resisted":446,"minecraft:sprint_one_cm":1261979,"minecraft:damage_blocked_by_shield":3950,"minecraft:drop":176,"minecraft:talked_to_villager":11,"minecraft:deaths":66,"minecraft:jump":8095,"minecraft:walk_on_water_one_cm":116579,"minecraft:interact_with_furnace":27,"minecraft:play_one_minute":768482,"minecraft:sleep_in_bed":10,"minecraft:damage_dealt":44588,"minecraft:crouch_one_cm":45212,"minecraft:interact_with_smoker":14,"minecraft:inspect_dispenser":4,"minecraft:mob_kills":206,"minecraft:inspect_hopper":1,"minecraft:climb_one_cm":39286,"minecraft:walk_one_cm":1536739,"minecraft:sneak_time":19934,"minecraft:walk_under_water_one_cm":149621,"minecraft:boat_one_cm":2387551,"minecraft:interact_with_blast_furnace":28,"minecraft:tune_noteblock":86,"minecraft:interact_with_stonecutter":1,"minecraft:time_since_rest":95197,"minecraft:damage_absorbed":14,"minecraft:damage_taken":2147483647,"minecraft:trigger_trapped_chest":4,"minecraft:swim_one_cm":401541,"minecraft:fly_one_cm":1645570,"minecraft:open_chest":121,"minecraft:fall_one_cm":219620},"minecraft:killed_by":{"minecraft:zombie_villager":2,"iceandfire:cyclops":3,"minecraft:piglin_brute":2,"blue_skies:polargeist":1,"livingthings:lion":3,"minecraft:drowned":1,"iceandfire:sea_serpent":7,"minecraft:vindicator":3,"minecraft:zombie":5,"livingthings:elephant":2,"iceandfire:fire_dragon":3,"minecraft:player":16,"minecraft:spider":3,"iceandfire:gorgon":2,"minecraft:hoglin":1,"minecraft:skeleton":3,"livingthings:shark":4,"iceandfire:ghost":3},"minecraft:mined":{"minecraft:dark_oak_planks":2,"minecraft:stone_pressure_plate":1,"iceandfire:graveyard_soil":1,"minecraft:granite":9,"minecraft:grass_block":39,"minecraft:cracked_polished_blackstone_bricks":1,"minecraft:hopper":2,"minecraft:spawner":5,"comforts:sleeping_bag_white":1,"minecraft:weeping_vines_plant":2,"minecraft:tall_seagrass":2,"minecraft:glowstone":24,"blue_skies:blue_fire":3,"minecraft:iron_ore":46,"minecraft:fire":21,"iceandfire:gold_pile":43,"minecraft:light_gray_concrete":4,"dynamictrees:crimson_wart":1,"minecraft:tripwire":2,"minecraft:smoker":3,"minecraft:crimson_nylium":22,"minecraft:orange_terracotta":1,"minecraft:chiseled_quartz_block":1,"minecraft:torch":3,"minecraft:blast_furnace":2,"iceandfire:ghost_chest":1,"minecraft:dead_bush":1,"minecraft:mushroom_stem":3,"iceandfire:fire_lily":1,"minecraft:nether_quartz_ore":1,"minecraft:cobblestone":53,"minecraft:cyan_bed":16,"dynamictrees:crimson_sapling":1,"minecraft:wall_torch":7,"minecraft:skeleton_skull":1,"minecraft:seagrass":3,"minecraft:blue_terracotta":1,"minecraft:light_gray_stained_glass":6,"minecraft:wheat":128,"iceandfire:podium_birch":1,"minecraft:grass":62,"minecraft:oak_log":18,"minecraft:dark_oak_sapling":1,"minecraft:sand":51,"minecraft:dirt":131,"minecraft:netherrack":984,"minecraft:oak_leaves":2,"minecraft:redstone_lamp":2,"minecraft:nether_gold_ore":4,"minecraft:diamond_ore":4,"iceandfire:silver_ore":20,"minecraft:dark_oak_log":28,"gravestone:gravestone":63,"minecraft:crimson_roots":4,"minecraft:weeping_vines":2,"minecraft:kelp":2,"minecraft:sandstone":7,"minecraft:hay_block":29,"minecraft:black_stained_glass_pane":6,"minecraft:redstone_ore":4,"minecraft:furnace":7,"minecraft:andesite":11,"blue_skies:crescent_fruit":1,"minecraft:shroomlight":3,"minecraft:vine":2,"minecraft:packed_ice":1,"minecraft:stone":360,"minecraft:bone_block":30,"minecraft:redstone_wall_torch":3,"minecraft:gray_concrete":8,"blue_skies:turquoise_grass":6,"minecraft:stone_brick_slab":1,"minecraft:oak_fence":1,"minecraft:crafting_table":25,"dynamictrees:acacia_leaves":4,"minecraft:tall_grass":4,"minecraft:diorite":34,"minecraft:spruce_stairs":1,"minecraft:light_blue_bed":1,"minecraft:beehive":1,"minecraft:redstone_torch":2,"minecraft:bee_nest":1,"dynamictrees:warped_sapling":6,"minecraft:coal_ore":154,"minecraft:gravel":14,"minecraft:cobweb":7,"minecraft:cracked_stone_bricks":4,"minecraft:stone_bricks":18,"minecraft:mossy_stone_bricks":1},"minecraft:crafted":{"minecraft:smooth_stone":3,"minecraft:oak_planks":72,"minecraft:dark_oak_boat":6,"minecraft:cooked_chicken":2,"minecraft:stone":3,"sophisticatedbackpacks:crafting_upgrade":1,"minecraft:cooked_mutton":20,"minecraft:iron_bars":16,"iceandfire:armor_silver_metal_chestplate":1,"minecraft:iron_boots":1,"minecraft:chest":3,"livingthings:cooked_elephant":2,"minecraft:smoker":1,"sophisticatedbackpacks:backpack":2,"minecraft:crafting_table":13,"minecraft:wooden_pickaxe":2,"minecraft:iron_helmet":1,"sophisticatedbackpacks:upgrade_base":1,"minecraft:diamond_pickaxe":1,"minecraft:shield":1,"minecraft:stick":32,"minecraft:iron_ingot":57,"minecraft:iron_pickaxe":4,"minecraft:stone_sword":1,"minecraft:gold_ingot":56,"comforts:sleeping_bag_white":1,"minecraft:furnace":3,"minecraft:blast_furnace":1,"minecraft:flint_and_steel":2,"nethers_delight:hoglin_sirloin":1,"minecraft:stone_pickaxe":2,"iceandfire:armor_silver_metal_boots":1,"minecraft:dark_oak_planks":256,"minecraft:wheat":246,"sophisticatedbackpacks:iron_backpack":2,"minecraft:crimson_planks":40,"livingthings:cooked_lion":1,"iceandfire:silver_ingot":20,"iceandfire:tide_trident":1,"sophisticatedbackpacks:gold_backpack":1,"minecraft:bucket":1,"minecraft:dark_oak_button":1,"minecraft:stone_axe":3,"minecraft:air":0,"minecraft:bread":167,"minecraft:oak_boat":4,"iceandfire:armor_silver_metal_helmet":1,"minecraft:white_wool":3,"minecraft:iron_leggings":2,"minecraft:white_bed":1,"minecraft:torch":8,"iceandfire:silver_pickaxe":1},"minecraft:broken":{"minecraft:iron_boots":3,"minecraft:iron_chestplate":3,"minecraft:iron_leggings":2,"iceandfire:silver_pickaxe":1,"minecraft:stone_pickaxe":1,"minecraft:stone_axe":2,"mowziesmobs:barakoa_mask_misery":1,"minecraft:chainmail_helmet":1,"minecraft:shield":1,"minecraft:iron_pickaxe":4,"minecraft:iron_helmet":1},"minecraft:used":{"iceandfire:tide_trident":1,"minecraft:shield":106,"minecraft:iron_sword":202,"minecraft:rotten_flesh":12,"minecraft:lava_bucket":20,"minecraft:packed_ice":1,"minecraft:grass_block":1,"minecraft:light_blue_bed":1,"minecraft:stone_bricks":21,"livingthings:cooked_lion":1,"minecraft:redstone_lamp":2,"minecraft:dark_oak_boat":9,"minecraft:oak_sapling":1,"minecraft:furnace":7,"minecraft:cooked_cod":1,"minecraft:egg":1,"minecraft:dark_oak_sapling":3,"minecraft:diorite":1,"minecraft:stone_pickaxe":166,"minecraft:oak_planks":3,"minecraft:wooden_pickaxe":32,"minecraft:sandstone":1,"minecraft:sand":10,"minecraft:blast_furnace":2,"cwsr:cyan_sword":9,"iceandfire:silver_pickaxe":461,"minecraft:redstone_torch":7,"blue_skies:brewberry":3,"minecraft:string":3,"minecraft:light_gray_concrete":4,"minecraft:bread":155,"minecraft:cyan_bed":15,"minecraft:gravel":1,"minecraft:nether_wart_block":5,"minecraft:diamond_sword":764,"minecraft:andesite":6,"iceandfire:fire_lily":1,"nethers_delight:hoglin_loin":2,"minecraft:oak_boat":4,"minecraft:netherite_sword":10,"minecraft:stone_sword":64,"minecraft:flint_and_steel":21,"minecraft:cooked_chicken":2,"minecraft:netherrack":143,"minecraft:torch":27,"dynamictrees:warped_seed":5,"minecraft:dirt":81,"minecraft:granite":10,"mowziesmobs:glowing_jelly":5,"minecraft:shroomlight":1,"minecraft:dark_oak_planks":60,"minecraft:crimson_planks":13,"iceandfire:podium_birch":1,"comforts:sleeping_bag_white":3,"dynamictrees:dark_oak_seed":2,"minecraft:stone_pressure_plate":1,"minecraft:orange_terracotta":1,"minecraft:crimson_stem":2,"minecraft:wheat_seeds":105,"minecraft:cooked_mutton":25,"minecraft:water_bucket":29,"minecraft:crafting_table":32,"nethers_delight:hoglin_sirloin":21,"minecraft:smoker":3,"minecraft:oxeye_daisy":1,"minecraft:apple":1,"minecraft:chicken":1,"minecraft:cracked_polished_blackstone_bricks":1,"minecraft:iron_pickaxe":1206,"iceandfire:graveyard_soil":1,"blue_skies:crescent_fruit":1,"minecraft:stone_axe":42,"minecraft:cobblestone":69,"minecraft:bucket":50,"livingthings:cooked_elephant":3},"minecraft:killed":{"blue_skies:armored_frost_spirit":2,"minecraft:witch":4,"iceandfire:gorgon":1,"minecraft:spider":14,"minecraft:skeleton":39,"livingthings:lion":2,"minecraft:chicken":4,"minecraft:piglin_brute":13,"iceandfire:myrmex_worker":2,"minecraft:magma_cube":15,"minecraft:piglin":1,"minecraft:zombie_villager":2,"iceandfire:cockatrice":1,"minecraft:sheep":2,"mowziesmobs:lantern":3,"minecraft:pillager":9,"minecraft:zombie":53,"iceandfire:sea_serpent":1,"minecraft:cow":6,"livingthings:snail":1,"minecraft:vindicator":1,"minecraft:husk":3,"iceandfire:cyclops":2,"minecraft:hoglin":13,"iceandfire:myrmex_soldier":1,"iceandfire:ghost":4,"minecraft:enderman":1},"minecraft:picked_up":{"iceandfire:deathworm_egg":1,"minecraft:iron_chestplate":4,"minecraft:wheat":181,"iceandfire:copper_sword":2,"minecraft:lead":1,"minecraft:diamond_sword":1,"minecraft:potion":2,"minecraft:golden_shovel":1,"minecraft:nether_brick":14,"minecraft:stone_brick_stairs":2,"minecraft:string":74,"minecraft:shroomlight":3,"cwsr:ender_essence":1,"dynamictrees:dark_oak_seed":2,"minecraft:gold_nugget":566,"comforts:sleeping_bag_white":4,"minecraft:redstone_torch":5,"minecraft:furnace":7,"minecraft:iron_boots":3,"minecraft:stick":19,"iceandfire:ghost_chest":1,"minecraft:oak_fence":1,"minecraft:torch":15,"minecraft:spruce_stairs":1,"iceandfire:silver_ore":21,"sophisticatedbackpacks:auto_smelting_upgrade":1,"minecraft:diorite":32,"nethers_delight:hoglin_sirloin":8,"minecraft:stone_sword":1,"minecraft:rotten_flesh":101,"iceandfire:myrmex_desert_chitin":2,"mowziesmobs:barakoa_mask_misery":1,"minecraft:obsidian":1,"minecraft:cod":1,"minecraft:cobblestone":405,"blue_skies:crescent_fruit":1,"minecraft:lilac":1,"minecraft:andesite":10,"blue_skies:brewberry":3,"cwsr:dark_essence":1,"minecraft:dark_oak_boat":10,"mowziesmobs:barakoa_mask_fury":1,"minecraft:smoker":3,"minecraft:potato":22,"minecraft:flint":2,"minecraft:gray_concrete":8,"minecraft:dirt":228,"cwsr:beast_essence":1,"minecraft:bone":61,"minecraft:wheat_seeds":155,"dynamictrees:warped_seed":6,"minecraft:mossy_stone_bricks":1,"minecraft:glowstone_dust":58,"minecraft:oak_planks":7,"nethers_delight:propelplant_cane":1,"iceandfire:dragon_skull_fire":1,"minecraft:sand":39,"dynamictrees:acacia_seed":1,"minecraft:grass_block":1,"minecraft:cyan_bed":18,"minecraft:spectral_arrow":43,"minecraft:dark_oak_log":339,"minecraft:light_gray_concrete":4,"blue_skies:pine_fruit_seeds":1,"minecraft:blue_terracotta":1,"minecraft:diamond":5,"minecraft:cracked_polished_blackstone_bricks":1,"minecraft:crossbow":1,"minecraft:granite":23,"minecraft:emerald":1,"minecraft:bread":27,"livingthings:elephant":2,"iceandfire:gorgon_head":2,"iceandfire:tide_trident":1,"minecraft:oak_sapling":2,"minecraft:netherrack":869,"minecraft:crimson_roots":3,"iceandfire:copper_ingot":1,"livingthings:lion":2,"minecraft:crafting_table":33,"cwsr:thunder_essence":1,"iceandfire:witherbone":1,"minecraft:chicken":4,"minecraft:ladder":2,"minecraft:redstone_lamp":2,"iceandfire:fire_lily":1,"blue_skies:blue_journal":1,"minecraft:packed_ice":1,"minecraft:wooden_pickaxe":2,"mowziesmobs:glowing_jelly":5,"minecraft:diamond_horse_armor":1,"minecraft:chain":1,"gravestone:obituary":17,"minecraft:shield":2,"cwsr:wind_boom":1,"minecraft:blackstone":13,"minecraft:blue_orchid":1,"minecraft:cracked_stone_bricks":2,"iceandfire:graveyard_soil":1,"iceandfire:bestiary":1,"minecraft:netherite_sword":1,"minecraft:beef":22,"minecraft:iron_nugget":102,"minecraft:poppy":2,"minecraft:egg":3,"minecraft:dark_oak_sapling":4,"minecraft:sandstone":25,"iceandfire:dragonbone":43,"sophisticatedbackpacks:crafting_upgrade":1,"sophisticatedbackpacks:backpack":1,"minecraft:redstone":22,"minecraft:light_blue_bed":2,"nethers_delight:propelpearl":2,"minecraft:stone_pressure_plate":1,"minecraft:dark_oak_planks":66,"iceandfire:silver_ingot":1,"minecraft:arrow":44,"minecraft:weeping_vines":11,"iceandfire:cyclops_eye":2,"dynamictrees:crimson_seed":1,"minecraft:hay_block":29,"minecraft:gold_ingot":7,"minecraft:bone_block":31,"minecraft:mutton":3,"minecraft:skeleton_skull":3,"minecraft:white_wool":8,"minecraft:oxeye_daisy":1,"iceandfire:sea_serpent_fang":4,"minecraft:crimson_stem":13,"minecraft:leather":28,"minecraft:oak_log":18,"iceandfire:ectoplasm":1,"minecraft:golden_boots":1,"minecraft:nether_wart_block":12,"minecraft:orange_terracotta":2,"minecraft:cooked_mutton":4,"minecraft:apple":1,"minecraft:stone_bricks":21,"minecraft:kelp":2,"minecraft:rabbit_hide":1,"minecraft:iron_ingot":5,"minecraft:stone_pickaxe":1,"minecraft:cobweb":5,"minecraft:iron_ore":46,"sophisticatedbackpacks:smelting_upgrade":1,"minecraft:iron_sword":4,"minecraft:soul_sand":14,"minecraft:book":14,"blue_skies:winter_leaf_seeds":1,"iceandfire:podium_birch":1,"minecraft:stone_brick_slab":1,"minecraft:quartz":15,"minecraft:gravel":26,"mowziesmobs:barakoa_mask_bliss":1,"minecraft:blast_furnace":2,"minecraft:crying_obsidian":6,"minecraft:spider_eye":4,"nethers_delight:hoglin_loin":37,"iceandfire:silver_pickaxe":1,"livingthings:cooked_elephant":1,"minecraft:slime_ball":1,"minecraft:iron_helmet":2,"iceandfire:sea_serpent_scales_red":14,"minecraft:coal":374,"minecraft:ender_pearl":7},"minecraft:dropped":{"sophisticatedbackpacks:iron_backpack":1,"minecraft:iron_sword":1,"minecraft:diamond":3,"minecraft:crafting_table":9,"minecraft:weeping_vines":5,"iceandfire:tide_trident":1,"minecraft:cracked_stone_bricks":1,"cwsr:ender_essence":1,"minecraft:gray_concrete":8,"cwsr:wind_boom":1,"minecraft:dark_oak_log":1,"iceandfire:myrmex_desert_chitin":2,"minecraft:crimson_roots":1,"gravestone:obituary":47,"minecraft:gold_nugget":64,"cwsr:beast_essence":1,"minecraft:dark_oak_planks":34,"minecraft:dark_oak_boat":1,"minecraft:white_wool":2,"minecraft:gold_ingot":40,"minecraft:bone":1,"minecraft:rotten_flesh":34,"minecraft:white_bed":1,"sophisticatedbackpacks:smelting_upgrade":1,"minecraft:poppy":1,"cwsr:thunder_essence":1,"comforts:sleeping_bag_white":1,"iceandfire:silver_pickaxe":1,"minecraft:crimson_planks":27,"minecraft:iron_ingot":5,"minecraft:bread":65,"minecraft:wheat_seeds":141,"minecraft:oak_fence":1,"minecraft:cobblestone":1,"minecraft:lead":1,"cwsr:dark_essence":1,"iceandfire:cyclops_eye":1,"minecraft:spruce_stairs":1,"minecraft:coal":1,"minecraft:stick":8,"minecraft:diamond_horse_armor":1,"minecraft:torch":1,"minecraft:nether_wart_block":3,"minecraft:potion":1,"sophisticatedbackpacks:crafting_upgrade":1,"minecraft:string":38,"minecraft:stone_brick_slab":1,"iceandfire:dragonbone":1,"minecraft:redstone":22,"minecraft:stone_sword":1,"sophisticatedbackpacks:backpack":1,"minecraft:diamond_sword":1,"minecraft:potato":1,"minecraft:shroomlight":2,"minecraft:redstone_torch":1,"minecraft:spider_eye":1,"minecraft:sandstone":8,"nethers_delight:propelplant_cane":1,"minecraft:cyan_bed":2}},"DataVersion":2586}