{"stats":{"minecraft:killed":{"iceandfire:gorgon":1,"minecraft:spider":4,"mowziesmobs:lantern":3,"minecraft:skeleton":6,"minecraft:zombie":5},"minecraft:picked_up":{"minecraft:crafting_table":5,"minecraft:dark_oak_boat":2,"minecraft:lead":1,"minecraft:wooden_pickaxe":1,"minecraft:potato":1,"mowziesmobs:glowing_jelly":5,"gravestone:obituary":3,"minecraft:stone_brick_stairs":2,"minecraft:oak_log":3,"minecraft:dirt":71,"minecraft:string":6,"minecraft:bone":10,"minecraft:stone_bricks":17,"minecraft:kelp":2,"minecraft:cracked_stone_bricks":1,"minecraft:wheat_seeds":3,"dynamictrees:dark_oak_seed":2,"minecraft:mossy_stone_bricks":1,"minecraft:iron_sword":1,"minecraft:egg":1,"minecraft:dark_oak_sapling":4,"minecraft:stick":5,"minecraft:stone_brick_slab":1,"minecraft:gravel":1,"minecraft:sand":8,"minecraft:redstone":3,"minecraft:dark_oak_log":320,"minecraft:spider_eye":1,"minecraft:dark_oak_planks":54,"minecraft:arrow":8,"minecraft:rotten_flesh":10,"iceandfire:gorgon_head":2,"minecraft:coal":11,"minecraft:skeleton_skull":3,"minecraft:cobblestone":36},"minecraft:mined":{"minecraft:stone_brick_slab":1,"minecraft:dark_oak_log":11,"minecraft:crafting_table":4,"gravestone:gravestone":17,"minecraft:grass_block":13,"minecraft:mushroom_stem":2,"minecraft:tall_grass":1,"minecraft:cobblestone":1,"minecraft:kelp":2,"minecraft:skeleton_skull":1,"minecraft:grass":20,"minecraft:oak_log":3,"minecraft:coal_ore":11,"minecraft:vine":1,"minecraft:dark_oak_sapling":1,"minecraft:dirt":27,"minecraft:gravel":1,"minecraft:sand":8,"minecraft:cracked_stone_bricks":1,"minecraft:stone":37,"minecraft:stone_bricks":12,"minecraft:mossy_stone_bricks":1},"minecraft:custom":{"minecraft:mob_kills":19,"minecraft:interact_with_crafting_table":16,"minecraft:play_one_minute":117009,"minecraft:leave_game":8,"minecraft:time_since_death":17827,"minecraft:climb_one_cm":2011,"minecraft:time_since_rest":17853,"minecraft:sprint_one_cm":212872,"minecraft:damage_taken":2147483647,"minecraft:walk_one_cm":194403,"minecraft:drop":25,"minecraft:damage_dealt":3514,"minecraft:swim_one_cm":146682,"minecraft:fly_one_cm":164315,"minecraft:crouch_one_cm":1370,"minecraft:deaths":17,"minecraft:sneak_time":924,"minecraft:walk_under_water_one_cm":45562,"minecraft:boat_one_cm":794397,"minecraft:jump":947,"minecraft:walk_on_water_one_cm":36244,"minecraft:fall_one_cm":24085},"minecraft:crafted":{"minecraft:oak_planks":12,"minecraft:crafting_table":5,"minecraft:wooden_pickaxe":2,"minecraft:dark_oak_button":1,"minecraft:stone_axe":3,"minecraft:oak_boat":1,"minecraft:stick":16,"minecraft:stone_pickaxe":2,"minecraft:stone_sword":1,"minecraft:dark_oak_planks":168,"minecraft:torch":4},"minecraft:killed_by":{"iceandfire:gorgon":2,"minecraft:player":3,"minecraft:skeleton":1,"minecraft:spider":2,"minecraft:zombie":5,"livingthings:shark":3,"minecraft:drowned":1},"minecraft:broken":{"minecraft:stone_axe":2},"minecraft:dropped":{"minecraft:wheat_seeds":2,"minecraft:crafting_table":1,"minecraft:cobblestone":1,"gravestone:obituary":19,"minecraft:spider_eye":1,"minecraft:stone_brick_slab":1,"minecraft:redstone":3},"minecraft:used":{"minecraft:stone_sword":64,"minecraft:stone_pickaxe":41,"minecraft:wooden_pickaxe":32,"minecraft:iron_sword":21,"minecraft:rotten_flesh":9,"minecraft:dirt":43,"minecraft:sand":2,"minecraft:crafting_table":6,"mowziesmobs:glowing_jelly":5,"minecraft:stone_bricks":2,"minecraft:stone_axe":17,"minecraft:egg":1,"dynamictrees:dark_oak_seed":2,"minecraft:oak_boat":1,"minecraft:dark_oak_sapling":3}},"DataVersion":2586}